Municipality_DOM_ID,Value_e,Value_sl,Value_sc,date,day_index,model_run,gefs_tmax,icon_tmax,multimodel_tmax,p_below_30,p_30_35,p_35_38,p_38_40,p_ge_40,dominant_category,temperature_category_sr,temperature_color,dominant_category_probability,warmest_valid_time,warmest_period_start_local,warmest_period_end_local,warmest_period_local,warmest_period_resolution_hours,models,gefs_members,icon_members,status,gefs_p_below_30,icon_p_below_30,gefs_p_30_35,icon_p_30_35,gefs_p_35_38,icon_p_35_38,gefs_p_38_40,icon_p_38_40,gefs_p_ge_40,icon_p_ge_40,admin_id,name_local,name_en
1,Ajdovščina,Ajdovščina,Ajdovščina,2026-09-21,3,2026-09-18T00:00:00+00:00,22.5,20.8,21.6,100.0,0.0,0.0,0.0,0.0,below_30,Уобичајена температура,GREEN,100.0,2026-09-21T12:00:00+00:00,11,17,11–17 h,6,GEFS | ICON-EU EPS,31,40,EXPERIMENTAL / NOT CALIBRATED,100.0,100.0,0.0,0.0,0.0,0.0,0.0,0.0,0.0,0.0,1,Ajdovščina,Ajdovščina
2,Beltinci,Beltinci,Beltinci,2026-09-21,3,2026-09-18T00:00:00+00:00,21.1,21.0,21.1,100.0,0.0,0.0,0.0,0.0,below_30,Уобичајена температура,GREEN,100.0,2026-09-21T12:00:00+00:00,11,17,11–17 h,6,GEFS | ICON-EU EPS,31,40,EXPERIMENTAL / NOT CALIBRATED,100.0,100.0,0.0,0.0,0.0,0.0,0.0,0.0,0.0,0.0,2,Beltinci,Beltinci
3,Bled,Bled,Bled,2026-09-21,3,2026-09-18T00:00:00+00:00,20.0,19.3,19.6,100.0,0.0,0.0,0.0,0.0,below_30,Уобичајена температура,GREEN,100.0,2026-09-21T12:00:00+00:00,11,17,11–17 h,6,GEFS | ICON-EU EPS,31,40,EXPERIMENTAL / NOT CALIBRATED,100.0,100.0,0.0,0.0,0.0,0.0,0.0,0.0,0.0,0.0,3,Bled,Bled
4,Bohinj,Bohinj,Bohinj,2026-09-21,3,2026-09-18T00:00:00+00:00,20.0,16.3,18.1,100.0,0.0,0.0,0.0,0.0,below_30,Уобичајена температура,GREEN,100.0,2026-09-21T12:00:00+00:00,11,17,11–17 h,6,GEFS | ICON-EU EPS,31,40,EXPERIMENTAL / NOT CALIBRATED,100.0,100.0,0.0,0.0,0.0,0.0,0.0,0.0,0.0,0.0,4,Bohinj,Bohinj
5,Borovnica,Borovnica,Borovnica,2026-09-21,3,2026-09-18T00:00:00+00:00,21.1,18.8,20.0,100.0,0.0,0.0,0.0,0.0,below_30,Уобичајена температура,GREEN,100.0,2026-09-21T12:00:00+00:00,11,17,11–17 h,6,GEFS | ICON-EU EPS,31,40,EXPERIMENTAL / NOT CALIBRATED,100.0,100.0,0.0,0.0,0.0,0.0,0.0,0.0,0.0,0.0,5,Borovnica,Borovnica
6,Bovec,Bovec,Bovec,2026-09-21,3,2026-09-18T00:00:00+00:00,22.4,19.2,20.8,100.0,0.0,0.0,0.0,0.0,below_30,Уобичајена температура,GREEN,100.0,2026-09-21T12:00:00+00:00,11,17,11–17 h,6,GEFS | ICON-EU EPS,31,40,EXPERIMENTAL / NOT CALIBRATED,100.0,100.0,0.0,0.0,0.0,0.0,0.0,0.0,0.0,0.0,6,Bovec,Bovec
7,Brda,Brda,Brda,2026-09-21,3,2026-09-18T00:00:00+00:00,25.9,26.5,26.2,100.0,0.0,0.0,0.0,0.0,below_30,Уобичајена температура,GREEN,100.0,2026-09-21T12:00:00+00:00,11,17,11–17 h,6,GEFS | ICON-EU EPS,31,40,EXPERIMENTAL / NOT CALIBRATED,100.0,100.0,0.0,0.0,0.0,0.0,0.0,0.0,0.0,0.0,7,Brda,Brda
8,Brezovica,Brezovica,Brezovica,2026-09-21,3,2026-09-18T00:00:00+00:00,21.1,20.2,20.7,100.0,0.0,0.0,0.0,0.0,below_30,Уобичајена температура,GREEN,100.0,2026-09-21T12:00:00+00:00,11,17,11–17 h,6,GEFS | ICON-EU EPS,31,40,EXPERIMENTAL / NOT CALIBRATED,100.0,100.0,0.0,0.0,0.0,0.0,0.0,0.0,0.0,0.0,8,Brezovica,Brezovica
9,Brežice,Brežice,Brežice,2026-09-21,3,2026-09-18T00:00:00+00:00,20.7,20.4,20.6,100.0,0.0,0.0,0.0,0.0,below_30,Уобичајена температура,GREEN,100.0,2026-09-21T12:00:00+00:00,11,17,11–17 h,6,GEFS | ICON-EU EPS,31,40,EXPERIMENTAL / NOT CALIBRATED,100.0,100.0,0.0,0.0,0.0,0.0,0.0,0.0,0.0,0.0,9,Brežice,Brežice
10,Tišina,Tišina,Tišina,2026-09-21,3,2026-09-18T00:00:00+00:00,20.8,20.7,20.7,100.0,0.0,0.0,0.0,0.0,below_30,Уобичајена температура,GREEN,100.0,2026-09-21T12:00:00+00:00,11,17,11–17 h,6,GEFS | ICON-EU EPS,31,40,EXPERIMENTAL / NOT CALIBRATED,100.0,100.0,0.0,0.0,0.0,0.0,0.0,0.0,0.0,0.0,10,Tišina,Tišina
11,Celje,Celje,Celje,2026-09-21,3,2026-09-18T00:00:00+00:00,20.2,19.4,19.8,100.0,0.0,0.0,0.0,0.0,below_30,Уобичајена температура,GREEN,100.0,2026-09-21T12:00:00+00:00,11,17,11–17 h,6,GEFS | ICON-EU EPS,31,40,EXPERIMENTAL / NOT CALIBRATED,100.0,100.0,0.0,0.0,0.0,0.0,0.0,0.0,0.0,0.0,11,Celje,Celje
12,Cerklje na Gorenjskem,Cerklje na Gorenjskem,Cerklje na Gorenjskem,2026-09-21,3,2026-09-18T00:00:00+00:00,20.3,17.2,18.7,100.0,0.0,0.0,0.0,0.0,below_30,Уобичајена температура,GREEN,100.0,2026-09-21T12:00:00+00:00,11,17,11–17 h,6,GEFS | ICON-EU EPS,31,40,EXPERIMENTAL / NOT CALIBRATED,100.0,100.0,0.0,0.0,0.0,0.0,0.0,0.0,0.0,0.0,12,Cerklje na Gorenjskem,Cerklje na Gorenjskem
13,Cerknica,Cerknica,Cerknica,2026-09-21,3,2026-09-18T00:00:00+00:00,20.6,19.7,20.2,100.0,0.0,0.0,0.0,0.0,below_30,Уобичајена температура,GREEN,100.0,2026-09-21T12:00:00+00:00,11,17,11–17 h,6,GEFS | ICON-EU EPS,31,40,EXPERIMENTAL / NOT CALIBRATED,100.0,100.0,0.0,0.0,0.0,0.0,0.0,0.0,0.0,0.0,13,Cerknica,Cerknica
14,Cerkno,Cerkno,Cerkno,2026-09-21,3,2026-09-18T00:00:00+00:00,22.5,19.1,20.8,100.0,0.0,0.0,0.0,0.0,below_30,Уобичајена температура,GREEN,100.0,2026-09-21T12:00:00+00:00,11,17,11–17 h,6,GEFS | ICON-EU EPS,31,40,EXPERIMENTAL / NOT CALIBRATED,100.0,100.0,0.0,0.0,0.0,0.0,0.0,0.0,0.0,0.0,14,Cerkno,Cerkno
15,Črenšovci,Črenšovci,Črenšovci,2026-09-21,3,2026-09-18T00:00:00+00:00,21.1,21.4,21.3,100.0,0.0,0.0,0.0,0.0,below_30,Уобичајена температура,GREEN,100.0,2026-09-21T12:00:00+00:00,11,17,11–17 h,6,GEFS | ICON-EU EPS,31,40,EXPERIMENTAL / NOT CALIBRATED,100.0,100.0,0.0,0.0,0.0,0.0,0.0,0.0,0.0,0.0,15,Črenšovci,Črenšovci
16,Črna na Koroškem,Črna na Koroškem,Črna na Koroškem,2026-09-21,3,2026-09-18T00:00:00+00:00,20.6,17.6,19.1,100.0,0.0,0.0,0.0,0.0,below_30,Уобичајена температура,GREEN,100.0,2026-09-21T12:00:00+00:00,11,17,11–17 h,6,GEFS | ICON-EU EPS,31,40,EXPERIMENTAL / NOT CALIBRATED,100.0,100.0,0.0,0.0,0.0,0.0,0.0,0.0,0.0,0.0,16,Črna na Koroškem,Črna na Koroškem
17,Črnomelj,Črnomelj,Črnomelj,2026-09-21,3,2026-09-18T00:00:00+00:00,21.4,20.1,20.8,100.0,0.0,0.0,0.0,0.0,below_30,Уобичајена температура,GREEN,100.0,2026-09-21T12:00:00+00:00,11,17,11–17 h,6,GEFS | ICON-EU EPS,31,40,EXPERIMENTAL / NOT CALIBRATED,100.0,100.0,0.0,0.0,0.0,0.0,0.0,0.0,0.0,0.0,17,Črnomelj,Črnomelj
18,Destrnik,Destrnik,Destrnik,2026-09-21,3,2026-09-18T00:00:00+00:00,20.6,19.7,20.1,100.0,0.0,0.0,0.0,0.0,below_30,Уобичајена температура,GREEN,100.0,2026-09-21T12:00:00+00:00,11,17,11–17 h,6,GEFS | ICON-EU EPS,31,40,EXPERIMENTAL / NOT CALIBRATED,100.0,100.0,0.0,0.0,0.0,0.0,0.0,0.0,0.0,0.0,18,Destrnik,Destrnik
19,Divača,Divača,Divača,2026-09-21,3,2026-09-18T00:00:00+00:00,23.6,21.9,22.8,100.0,0.0,0.0,0.0,0.0,below_30,Уобичајена температура,GREEN,100.0,2026-09-21T12:00:00+00:00,11,17,11–17 h,6,GEFS | ICON-EU EPS,31,40,EXPERIMENTAL / NOT CALIBRATED,100.0,100.0,0.0,0.0,0.0,0.0,0.0,0.0,0.0,0.0,19,Divača,Divača
20,Dobrepolje,Dobrepolje,Dobrepolje,2026-09-21,3,2026-09-18T00:00:00+00:00,20.2,19.3,19.7,100.0,0.0,0.0,0.0,0.0,below_30,Уобичајена температура,GREEN,100.0,2026-09-21T12:00:00+00:00,11,17,11–17 h,6,GEFS | ICON-EU EPS,31,40,EXPERIMENTAL / NOT CALIBRATED,100.0,100.0,0.0,0.0,0.0,0.0,0.0,0.0,0.0,0.0,20,Dobrepolje,Dobrepolje
21,Dobrova-Polhov Gradec,Dobrova-Polhov Gradec,Dobrova-Polhov Gradec,2026-09-21,3,2026-09-18T00:00:00+00:00,21.8,20.8,21.3,100.0,0.0,0.0,0.0,0.0,below_30,Уобичајена температура,GREEN,100.0,2026-09-21T12:00:00+00:00,11,17,11–17 h,6,GEFS | ICON-EU EPS,31,40,EXPERIMENTAL / NOT CALIBRATED,100.0,100.0,0.0,0.0,0.0,0.0,0.0,0.0,0.0,0.0,21,Dobrova-Polhov Gradec,Dobrova-Polhov Gradec
22,Dol pri Ljubljani,Dol pri Ljubljani,Dol pri Ljubljani,2026-09-21,3,2026-09-18T00:00:00+00:00,20.5,20.3,20.4,100.0,0.0,0.0,0.0,0.0,below_30,Уобичајена температура,GREEN,100.0,2026-09-21T12:00:00+00:00,11,17,11–17 h,6,GEFS | ICON-EU EPS,31,40,EXPERIMENTAL / NOT CALIBRATED,100.0,100.0,0.0,0.0,0.0,0.0,0.0,0.0,0.0,0.0,22,Dol pri Ljubljani,Dol pri Ljubljani
23,Domžale,Domžale,Domžale,2026-09-21,3,2026-09-18T00:00:00+00:00,20.2,19.9,20.0,100.0,0.0,0.0,0.0,0.0,below_30,Уобичајена температура,GREEN,100.0,2026-09-21T12:00:00+00:00,11,17,11–17 h,6,GEFS | ICON-EU EPS,31,40,EXPERIMENTAL / NOT CALIBRATED,100.0,100.0,0.0,0.0,0.0,0.0,0.0,0.0,0.0,0.0,23,Domžale,Domžale
24,Dornava,Dornava,Dornava,2026-09-21,3,2026-09-18T00:00:00+00:00,20.6,19.9,20.2,100.0,0.0,0.0,0.0,0.0,below_30,Уобичајена температура,GREEN,100.0,2026-09-21T12:00:00+00:00,11,17,11–17 h,6,GEFS | ICON-EU EPS,31,40,EXPERIMENTAL / NOT CALIBRATED,100.0,100.0,0.0,0.0,0.0,0.0,0.0,0.0,0.0,0.0,24,Dornava,Dornava
25,Dravograd,Dravograd,Dravograd,2026-09-21,3,2026-09-18T00:00:00+00:00,20.0,19.9,19.9,100.0,0.0,0.0,0.0,0.0,below_30,Уобичајена температура,GREEN,100.0,2026-09-21T12:00:00+00:00,11,17,11–17 h,6,GEFS | ICON-EU EPS,31,40,EXPERIMENTAL / NOT CALIBRATED,100.0,100.0,0.0,0.0,0.0,0.0,0.0,0.0,0.0,0.0,25,Dravograd,Dravograd
26,Duplek,Duplek,Duplek,2026-09-21,3,2026-09-18T00:00:00+00:00,20.9,20.0,20.5,100.0,0.0,0.0,0.0,0.0,below_30,Уобичајена температура,GREEN,100.0,2026-09-21T12:00:00+00:00,11,17,11–17 h,6,GEFS | ICON-EU EPS,31,40,EXPERIMENTAL / NOT CALIBRATED,100.0,100.0,0.0,0.0,0.0,0.0,0.0,0.0,0.0,0.0,26,Duplek,Duplek
27,Gorenja vas-Poljane,Gorenja vas-Poljane,Gorenja vas-Poljane,2026-09-21,3,2026-09-18T00:00:00+00:00,21.8,18.7,20.2,100.0,0.0,0.0,0.0,0.0,below_30,Уобичајена температура,GREEN,100.0,2026-09-21T12:00:00+00:00,11,17,11–17 h,6,GEFS | ICON-EU EPS,31,40,EXPERIMENTAL / NOT CALIBRATED,100.0,100.0,0.0,0.0,0.0,0.0,0.0,0.0,0.0,0.0,27,Gorenja vas-Poljane,Gorenja vas-Poljane
28,Gorišnica,Gorišnica,Gorišnica,2026-09-21,3,2026-09-18T00:00:00+00:00,20.6,19.9,20.2,100.0,0.0,0.0,0.0,0.0,below_30,Уобичајена температура,GREEN,100.0,2026-09-21T12:00:00+00:00,11,17,11–17 h,6,GEFS | ICON-EU EPS,31,40,EXPERIMENTAL / NOT CALIBRATED,100.0,100.0,0.0,0.0,0.0,0.0,0.0,0.0,0.0,0.0,28,Gorišnica,Gorišnica
29,Gornja Radgona,Gornja Radgona,Gornja Radgona,2026-09-21,3,2026-09-18T00:00:00+00:00,20.8,20.1,20.4,100.0,0.0,0.0,0.0,0.0,below_30,Уобичајена температура,GREEN,100.0,2026-09-21T12:00:00+00:00,11,17,11–17 h,6,GEFS | ICON-EU EPS,31,40,EXPERIMENTAL / NOT CALIBRATED,100.0,100.0,0.0,0.0,0.0,0.0,0.0,0.0,0.0,0.0,29,Gornja Radgona,Gornja Radgona
30,Gornji Grad,Gornji Grad,Gornji Grad,2026-09-21,3,2026-09-18T00:00:00+00:00,20.2,16.8,18.5,100.0,0.0,0.0,0.0,0.0,below_30,Уобичајена температура,GREEN,100.0,2026-09-21T12:00:00+00:00,11,17,11–17 h,6,GEFS | ICON-EU EPS,31,40,EXPERIMENTAL / NOT CALIBRATED,100.0,100.0,0.0,0.0,0.0,0.0,0.0,0.0,0.0,0.0,30,Gornji Grad,Gornji Grad
31,Gornji Petrovci,Gornji Petrovci,Gornji Petrovci,2026-09-21,3,2026-09-18T00:00:00+00:00,21.8,20.6,21.2,100.0,0.0,0.0,0.0,0.0,below_30,Уобичајена температура,GREEN,100.0,2026-09-21T12:00:00+00:00,11,17,11–17 h,6,GEFS | ICON-EU EPS,31,40,EXPERIMENTAL / NOT CALIBRATED,100.0,100.0,0.0,0.0,0.0,0.0,0.0,0.0,0.0,0.0,31,Gornji Petrovci,Gornji Petrovci
32,Grosuplje,Grosuplje,Grosuplje,2026-09-21,3,2026-09-18T00:00:00+00:00,20.5,20.1,20.3,100.0,0.0,0.0,0.0,0.0,below_30,Уобичајена температура,GREEN,100.0,2026-09-21T12:00:00+00:00,11,17,11–17 h,6,GEFS | ICON-EU EPS,31,40,EXPERIMENTAL / NOT CALIBRATED,100.0,100.0,0.0,0.0,0.0,0.0,0.0,0.0,0.0,0.0,32,Grosuplje,Grosuplje
33,Šalovci,Šalovci,Šalovci,2026-09-21,3,2026-09-18T00:00:00+00:00,21.8,20.5,21.1,100.0,0.0,0.0,0.0,0.0,below_30,Уобичајена температура,GREEN,100.0,2026-09-21T12:00:00+00:00,11,17,11–17 h,6,GEFS | ICON-EU EPS,31,40,EXPERIMENTAL / NOT CALIBRATED,100.0,100.0,0.0,0.0,0.0,0.0,0.0,0.0,0.0,0.0,33,Šalovci,Šalovci
34,Hrastnik,Hrastnik,Hrastnik,2026-09-21,3,2026-09-18T00:00:00+00:00,19.9,18.7,19.3,100.0,0.0,0.0,0.0,0.0,below_30,Уобичајена температура,GREEN,100.0,2026-09-21T12:00:00+00:00,11,17,11–17 h,6,GEFS | ICON-EU EPS,31,40,EXPERIMENTAL / NOT CALIBRATED,100.0,100.0,0.0,0.0,0.0,0.0,0.0,0.0,0.0,0.0,34,Hrastnik,Hrastnik
35,Hrpelje-Kozina,Hrpelje-Kozina,Hrpelje-Kozina,2026-09-21,3,2026-09-18T00:00:00+00:00,25.4,24.0,24.7,100.0,0.0,0.0,0.0,0.0,below_30,Уобичајена температура,GREEN,100.0,2026-09-21T12:00:00+00:00,11,17,11–17 h,6,GEFS | ICON-EU EPS,31,40,EXPERIMENTAL / NOT CALIBRATED,100.0,100.0,0.0,0.0,0.0,0.0,0.0,0.0,0.0,0.0,35,Hrpelje-Kozina,Hrpelje-Kozina
36,Idrija,Idrija,Idrija,2026-09-21,3,2026-09-18T00:00:00+00:00,22.5,19.6,21.0,100.0,0.0,0.0,0.0,0.0,below_30,Уобичајена температура,GREEN,100.0,2026-09-21T12:00:00+00:00,11,17,11–17 h,6,GEFS | ICON-EU EPS,31,40,EXPERIMENTAL / NOT CALIBRATED,100.0,100.0,0.0,0.0,0.0,0.0,0.0,0.0,0.0,0.0,36,Idrija,Idrija
37,Ig,Ig,Ig,2026-09-21,3,2026-09-18T00:00:00+00:00,21.1,20.2,20.7,100.0,0.0,0.0,0.0,0.0,below_30,Уобичајена температура,GREEN,100.0,2026-09-21T12:00:00+00:00,11,17,11–17 h,6,GEFS | ICON-EU EPS,31,40,EXPERIMENTAL / NOT CALIBRATED,100.0,100.0,0.0,0.0,0.0,0.0,0.0,0.0,0.0,0.0,37,Ig,Ig
38,Ilirska Bistrica,Ilirska Bistrica,Ilirska Bistrica,2026-09-21,3,2026-09-18T00:00:00+00:00,23.2,19.9,21.5,100.0,0.0,0.0,0.0,0.0,below_30,Уобичајена температура,GREEN,100.0,2026-09-21T12:00:00+00:00,11,17,11–17 h,6,GEFS | ICON-EU EPS,31,40,EXPERIMENTAL / NOT CALIBRATED,100.0,100.0,0.0,0.0,0.0,0.0,0.0,0.0,0.0,0.0,38,Ilirska Bistrica,Ilirska Bistrica
39,Ivančna Gorica,Ivančna Gorica,Ivančna Gorica,2026-09-21,3,2026-09-18T00:00:00+00:00,20.5,20.0,20.2,100.0,0.0,0.0,0.0,0.0,below_30,Уобичајена температура,GREEN,100.0,2026-09-21T12:00:00+00:00,11,17,11–17 h,6,GEFS | ICON-EU EPS,31,40,EXPERIMENTAL / NOT CALIBRATED,100.0,100.0,0.0,0.0,0.0,0.0,0.0,0.0,0.0,0.0,39,Ivančna Gorica,Ivančna Gorica
40,Izola,Izola,Izola,2026-09-21,3,2026-09-18T00:00:00+00:00,26.1,26.8,26.4,100.0,0.0,0.0,0.0,0.0,below_30,Уобичајена температура,GREEN,100.0,2026-09-21T12:00:00+00:00,11,17,11–17 h,6,GEFS | ICON-EU EPS,31,40,EXPERIMENTAL / NOT CALIBRATED,100.0,100.0,0.0,0.0,0.0,0.0,0.0,0.0,0.0,0.0,40,Izola,Izola
41,Jesenice,Jesenice,Jesenice,2026-09-21,3,2026-09-18T00:00:00+00:00,20.0,19.7,19.8,100.0,0.0,0.0,0.0,0.0,below_30,Уобичајена температура,GREEN,100.0,2026-09-21T12:00:00+00:00,11,17,11–17 h,6,GEFS | ICON-EU EPS,31,40,EXPERIMENTAL / NOT CALIBRATED,100.0,100.0,0.0,0.0,0.0,0.0,0.0,0.0,0.0,0.0,41,Jesenice,Jesenice
42,Juršinci,Juršinci,Juršinci,2026-09-21,3,2026-09-18T00:00:00+00:00,20.6,19.7,20.1,100.0,0.0,0.0,0.0,0.0,below_30,Уобичајена температура,GREEN,100.0,2026-09-21T12:00:00+00:00,11,17,11–17 h,6,GEFS | ICON-EU EPS,31,40,EXPERIMENTAL / NOT CALIBRATED,100.0,100.0,0.0,0.0,0.0,0.0,0.0,0.0,0.0,0.0,42,Juršinci,Juršinci
43,Kamnik,Kamnik,Kamnik,2026-09-21,3,2026-09-18T00:00:00+00:00,20.2,17.2,18.7,100.0,0.0,0.0,0.0,0.0,below_30,Уобичајена температура,GREEN,100.0,2026-09-21T12:00:00+00:00,11,17,11–17 h,6,GEFS | ICON-EU EPS,31,40,EXPERIMENTAL / NOT CALIBRATED,100.0,100.0,0.0,0.0,0.0,0.0,0.0,0.0,0.0,0.0,43,Kamnik,Kamnik
44,Kanal,Kanal,Kanal,2026-09-21,3,2026-09-18T00:00:00+00:00,24.1,24.3,24.2,100.0,0.0,0.0,0.0,0.0,below_30,Уобичајена температура,GREEN,100.0,2026-09-21T12:00:00+00:00,11,17,11–17 h,6,GEFS | ICON-EU EPS,31,40,EXPERIMENTAL / NOT CALIBRATED,100.0,100.0,0.0,0.0,0.0,0.0,0.0,0.0,0.0,0.0,44,Kanal,Kanal
45,Kidričevo,Kidričevo,Kidričevo,2026-09-21,3,2026-09-18T00:00:00+00:00,20.9,20.2,20.6,100.0,0.0,0.0,0.0,0.0,below_30,Уобичајена температура,GREEN,100.0,2026-09-21T12:00:00+00:00,11,17,11–17 h,6,GEFS | ICON-EU EPS,31,40,EXPERIMENTAL / NOT CALIBRATED,100.0,100.0,0.0,0.0,0.0,0.0,0.0,0.0,0.0,0.0,45,Kidričevo,Kidričevo
46,Kobarid,Kobarid,Kobarid,2026-09-21,3,2026-09-18T00:00:00+00:00,22.4,21.6,22.0,100.0,0.0,0.0,0.0,0.0,below_30,Уобичајена температура,GREEN,100.0,2026-09-21T12:00:00+00:00,11,17,11–17 h,6,GEFS | ICON-EU EPS,31,40,EXPERIMENTAL / NOT CALIBRATED,100.0,100.0,0.0,0.0,0.0,0.0,0.0,0.0,0.0,0.0,46,Kobarid,Kobarid
47,Kobilje,Kobilje,Kobilje,2026-09-21,3,2026-09-18T00:00:00+00:00,22.1,21.1,21.6,100.0,0.0,0.0,0.0,0.0,below_30,Уобичајена температура,GREEN,100.0,2026-09-21T12:00:00+00:00,11,17,11–17 h,6,GEFS | ICON-EU EPS,31,40,EXPERIMENTAL / NOT CALIBRATED,100.0,100.0,0.0,0.0,0.0,0.0,0.0,0.0,0.0,0.0,47,Kobilje,Kobilje
48,Kočevje,Kočevje,Kočevje,2026-09-21,3,2026-09-18T00:00:00+00:00,20.6,18.9,19.8,100.0,0.0,0.0,0.0,0.0,below_30,Уобичајена температура,GREEN,100.0,2026-09-21T12:00:00+00:00,11,17,11–17 h,6,GEFS | ICON-EU EPS,31,40,EXPERIMENTAL / NOT CALIBRATED,100.0,100.0,0.0,0.0,0.0,0.0,0.0,0.0,0.0,0.0,48,Kočevje,Kočevje
49,Komen,Komen,Komen,2026-09-21,3,2026-09-18T00:00:00+00:00,26.0,25.4,25.7,100.0,0.0,0.0,0.0,0.0,below_30,Уобичајена температура,GREEN,100.0,2026-09-21T12:00:00+00:00,11,17,11–17 h,6,GEFS | ICON-EU EPS,31,40,EXPERIMENTAL / NOT CALIBRATED,100.0,100.0,0.0,0.0,0.0,0.0,0.0,0.0,0.0,0.0,49,Komen,Komen
50,Koper,Koper,Koper,2026-09-21,3,2026-09-18T00:00:00+00:00,26.1,25.8,25.9,100.0,0.0,0.0,0.0,0.0,below_30,Уобичајена температура,GREEN,100.0,2026-09-21T12:00:00+00:00,11,17,11–17 h,6,GEFS | ICON-EU EPS,31,40,EXPERIMENTAL / NOT CALIBRATED,100.0,100.0,0.0,0.0,0.0,0.0,0.0,0.0,0.0,0.0,50,Koper,Koper
51,Kozje,Kozje,Kozje,2026-09-21,3,2026-09-18T00:00:00+00:00,20.7,19.1,19.9,100.0,0.0,0.0,0.0,0.0,below_30,Уобичајена температура,GREEN,100.0,2026-09-21T12:00:00+00:00,11,17,11–17 h,6,GEFS | ICON-EU EPS,31,40,EXPERIMENTAL / NOT CALIBRATED,100.0,100.0,0.0,0.0,0.0,0.0,0.0,0.0,0.0,0.0,51,Kozje,Kozje
52,Kranj,Kranj,Kranj,2026-09-21,3,2026-09-18T00:00:00+00:00,20.8,19.2,20.0,100.0,0.0,0.0,0.0,0.0,below_30,Уобичајена температура,GREEN,100.0,2026-09-21T12:00:00+00:00,11,17,11–17 h,6,GEFS | ICON-EU EPS,31,40,EXPERIMENTAL / NOT CALIBRATED,100.0,100.0,0.0,0.0,0.0,0.0,0.0,0.0,0.0,0.0,52,Kranj,Kranj
53,Kranjska Gora,Kranjska Gora,Kranjska Gora,2026-09-21,3,2026-09-18T00:00:00+00:00,19.6,20.5,20.0,100.0,0.0,0.0,0.0,0.0,below_30,Уобичајена температура,GREEN,100.0,2026-09-21T12:00:00+00:00,11,17,11–17 h,6,GEFS | ICON-EU EPS,31,40,EXPERIMENTAL / NOT CALIBRATED,100.0,100.0,0.0,0.0,0.0,0.0,0.0,0.0,0.0,0.0,53,Kranjska Gora,Kranjska Gora
54,Krško,Krško,Krško,2026-09-21,3,2026-09-18T00:00:00+00:00,20.7,19.3,20.0,100.0,0.0,0.0,0.0,0.0,below_30,Уобичајена температура,GREEN,100.0,2026-09-21T12:00:00+00:00,11,17,11–17 h,6,GEFS | ICON-EU EPS,31,40,EXPERIMENTAL / NOT CALIBRATED,100.0,100.0,0.0,0.0,0.0,0.0,0.0,0.0,0.0,0.0,54,Krško,Krško
55,Kungota,Kungota,Kungota,2026-09-21,3,2026-09-18T00:00:00+00:00,21.0,19.0,20.0,100.0,0.0,0.0,0.0,0.0,below_30,Уобичајена температура,GREEN,100.0,2026-09-21T12:00:00+00:00,11,17,11–17 h,6,GEFS | ICON-EU EPS,31,40,EXPERIMENTAL / NOT CALIBRATED,100.0,100.0,0.0,0.0,0.0,0.0,0.0,0.0,0.0,0.0,55,Kungota,Kungota
56,Kuzma,Kuzma,Kuzma,2026-09-21,3,2026-09-18T00:00:00+00:00,20.8,19.9,20.3,100.0,0.0,0.0,0.0,0.0,below_30,Уобичајена температура,GREEN,100.0,2026-09-21T12:00:00+00:00,11,17,11–17 h,6,GEFS | ICON-EU EPS,31,40,EXPERIMENTAL / NOT CALIBRATED,100.0,100.0,0.0,0.0,0.0,0.0,0.0,0.0,0.0,0.0,56,Kuzma,Kuzma
57,Laško,Laško,Laško,2026-09-21,3,2026-09-18T00:00:00+00:00,20.2,18.4,19.3,100.0,0.0,0.0,0.0,0.0,below_30,Уобичајена температура,GREEN,100.0,2026-09-21T12:00:00+00:00,11,17,11–17 h,6,GEFS | ICON-EU EPS,31,40,EXPERIMENTAL / NOT CALIBRATED,100.0,100.0,0.0,0.0,0.0,0.0,0.0,0.0,0.0,0.0,57,Laško,Laško
58,Lenart,Lenart,Lenart,2026-09-21,3,2026-09-18T00:00:00+00:00,20.9,20.1,20.5,100.0,0.0,0.0,0.0,0.0,below_30,Уобичајена температура,GREEN,100.0,2026-09-21T12:00:00+00:00,11,17,11–17 h,6,GEFS | ICON-EU EPS,31,40,EXPERIMENTAL / NOT CALIBRATED,100.0,100.0,0.0,0.0,0.0,0.0,0.0,0.0,0.0,0.0,58,Lenart,Lenart
59,Lendava,Lendava,Lendava,2026-09-21,3,2026-09-18T00:00:00+00:00,22.5,21.0,21.7,100.0,0.0,0.0,0.0,0.0,below_30,Уобичајена температура,GREEN,100.0,2026-09-21T12:00:00+00:00,11,17,11–17 h,6,GEFS | ICON-EU EPS,31,40,EXPERIMENTAL / NOT CALIBRATED,100.0,100.0,0.0,0.0,0.0,0.0,0.0,0.0,0.0,0.0,59,Lendava,Lendava
60,Litija,Litija,Litija,2026-09-21,3,2026-09-18T00:00:00+00:00,20.5,19.4,19.9,100.0,0.0,0.0,0.0,0.0,below_30,Уобичајена температура,GREEN,100.0,2026-09-21T12:00:00+00:00,11,17,11–17 h,6,GEFS | ICON-EU EPS,31,40,EXPERIMENTAL / NOT CALIBRATED,100.0,100.0,0.0,0.0,0.0,0.0,0.0,0.0,0.0,0.0,60,Litija,Litija
61,Ljubljana,Ljubljana,Ljubljana,2026-09-21,3,2026-09-18T00:00:00+00:00,21.1,20.1,20.6,100.0,0.0,0.0,0.0,0.0,below_30,Уобичајена температура,GREEN,100.0,2026-09-21T12:00:00+00:00,11,17,11–17 h,6,GEFS | ICON-EU EPS,31,40,EXPERIMENTAL / NOT CALIBRATED,100.0,100.0,0.0,0.0,0.0,0.0,0.0,0.0,0.0,0.0,61,Ljubljana,Ljubljana
62,Ljubno,Ljubno,Ljubno,2026-09-21,3,2026-09-18T00:00:00+00:00,20.2,17.6,18.9,100.0,0.0,0.0,0.0,0.0,below_30,Уобичајена температура,GREEN,100.0,2026-09-21T12:00:00+00:00,11,17,11–17 h,6,GEFS | ICON-EU EPS,31,40,EXPERIMENTAL / NOT CALIBRATED,100.0,100.0,0.0,0.0,0.0,0.0,0.0,0.0,0.0,0.0,62,Ljubno,Ljubno
63,Ljutomer,Ljutomer,Ljutomer,2026-09-21,3,2026-09-18T00:00:00+00:00,21.1,21.0,21.1,100.0,0.0,0.0,0.0,0.0,below_30,Уобичајена температура,GREEN,100.0,2026-09-21T12:00:00+00:00,11,17,11–17 h,6,GEFS | ICON-EU EPS,31,40,EXPERIMENTAL / NOT CALIBRATED,100.0,100.0,0.0,0.0,0.0,0.0,0.0,0.0,0.0,0.0,63,Ljutomer,Ljutomer
64,Logatec,Logatec,Logatec,2026-09-21,3,2026-09-18T00:00:00+00:00,21.8,19.5,20.6,100.0,0.0,0.0,0.0,0.0,below_30,Уобичајена температура,GREEN,100.0,2026-09-21T12:00:00+00:00,11,17,11–17 h,6,GEFS | ICON-EU EPS,31,40,EXPERIMENTAL / NOT CALIBRATED,100.0,100.0,0.0,0.0,0.0,0.0,0.0,0.0,0.0,0.0,64,Logatec,Logatec
65,Loška dolina,Loška dolina,Loška dolina,2026-09-21,3,2026-09-18T00:00:00+00:00,20.6,18.1,19.4,100.0,0.0,0.0,0.0,0.0,below_30,Уобичајена температура,GREEN,100.0,2026-09-21T12:00:00+00:00,11,17,11–17 h,6,GEFS | ICON-EU EPS,31,40,EXPERIMENTAL / NOT CALIBRATED,100.0,100.0,0.0,0.0,0.0,0.0,0.0,0.0,0.0,0.0,65,Loška dolina,Loška dolina
66,Loški Potok,Loški Potok,Loški Potok,2026-09-21,3,2026-09-18T00:00:00+00:00,20.2,17.2,18.7,100.0,0.0,0.0,0.0,0.0,below_30,Уобичајена температура,GREEN,100.0,2026-09-21T12:00:00+00:00,11,17,11–17 h,6,GEFS | ICON-EU EPS,31,40,EXPERIMENTAL / NOT CALIBRATED,100.0,100.0,0.0,0.0,0.0,0.0,0.0,0.0,0.0,0.0,66,Loški Potok,Loški Potok
67,Luče,Luče,Luče,2026-09-21,3,2026-09-18T00:00:00+00:00,20.2,16.8,18.5,100.0,0.0,0.0,0.0,0.0,below_30,Уобичајена температура,GREEN,100.0,2026-09-21T12:00:00+00:00,11,17,11–17 h,6,GEFS | ICON-EU EPS,31,40,EXPERIMENTAL / NOT CALIBRATED,100.0,100.0,0.0,0.0,0.0,0.0,0.0,0.0,0.0,0.0,67,Luče,Luče
68,Lukovica,Lukovica,Lukovica,2026-09-21,3,2026-09-18T00:00:00+00:00,20.2,19.6,19.9,100.0,0.0,0.0,0.0,0.0,below_30,Уобичајена температура,GREEN,100.0,2026-09-21T12:00:00+00:00,11,17,11–17 h,6,GEFS | ICON-EU EPS,31,40,EXPERIMENTAL / NOT CALIBRATED,100.0,100.0,0.0,0.0,0.0,0.0,0.0,0.0,0.0,0.0,68,Lukovica,Lukovica
69,Majšperk,Majšperk,Majšperk,2026-09-21,3,2026-09-18T00:00:00+00:00,21.1,20.2,20.6,100.0,0.0,0.0,0.0,0.0,below_30,Уобичајена температура,GREEN,100.0,2026-09-21T12:00:00+00:00,11,17,11–17 h,6,GEFS | ICON-EU EPS,31,40,EXPERIMENTAL / NOT CALIBRATED,100.0,100.0,0.0,0.0,0.0,0.0,0.0,0.0,0.0,0.0,69,Majšperk,Majšperk
70,Maribor,Maribor,Maribor,2026-09-21,3,2026-09-18T00:00:00+00:00,20.9,18.6,19.8,100.0,0.0,0.0,0.0,0.0,below_30,Уобичајена температура,GREEN,100.0,2026-09-21T12:00:00+00:00,11,17,11–17 h,6,GEFS | ICON-EU EPS,31,40,EXPERIMENTAL / NOT CALIBRATED,100.0,100.0,0.0,0.0,0.0,0.0,0.0,0.0,0.0,0.0,70,Maribor,Maribor
71,Medvode,Medvode,Medvode,2026-09-21,3,2026-09-18T00:00:00+00:00,20.3,20.5,20.4,100.0,0.0,0.0,0.0,0.0,below_30,Уобичајена температура,GREEN,100.0,2026-09-21T12:00:00+00:00,11,17,11–17 h,6,GEFS | ICON-EU EPS,31,40,EXPERIMENTAL / NOT CALIBRATED,100.0,100.0,0.0,0.0,0.0,0.0,0.0,0.0,0.0,0.0,71,Medvode,Medvode
72,Mengeš,Mengeš,Mengeš,2026-09-21,3,2026-09-18T00:00:00+00:00,20.3,19.9,20.1,100.0,0.0,0.0,0.0,0.0,below_30,Уобичајена температура,GREEN,100.0,2026-09-21T12:00:00+00:00,11,17,11–17 h,6,GEFS | ICON-EU EPS,31,40,EXPERIMENTAL / NOT CALIBRATED,100.0,100.0,0.0,0.0,0.0,0.0,0.0,0.0,0.0,0.0,72,Mengeš,Mengeš
73,Metlika,Metlika,Metlika,2026-09-21,3,2026-09-18T00:00:00+00:00,21.0,19.1,20.0,100.0,0.0,0.0,0.0,0.0,below_30,Уобичајена температура,GREEN,100.0,2026-09-21T12:00:00+00:00,11,17,11–17 h,6,GEFS | ICON-EU EPS,31,40,EXPERIMENTAL / NOT CALIBRATED,100.0,100.0,0.0,0.0,0.0,0.0,0.0,0.0,0.0,0.0,73,Metlika,Metlika
74,Mežica,Mežica,Mežica,2026-09-21,3,2026-09-18T00:00:00+00:00,20.6,20.5,20.5,100.0,0.0,0.0,0.0,0.0,below_30,Уобичајена температура,GREEN,100.0,2026-09-21T12:00:00+00:00,11,17,11–17 h,6,GEFS | ICON-EU EPS,31,40,EXPERIMENTAL / NOT CALIBRATED,100.0,100.0,0.0,0.0,0.0,0.0,0.0,0.0,0.0,0.0,74,Mežica,Mežica
75,Miren-Kostanjevica,Miren-Kostanjevica,Miren-Kostanjevica,2026-09-21,3,2026-09-18T00:00:00+00:00,26.0,27.2,26.6,100.0,0.0,0.0,0.0,0.0,below_30,Уобичајена температура,GREEN,100.0,2026-09-21T12:00:00+00:00,11,17,11–17 h,6,GEFS | ICON-EU EPS,31,40,EXPERIMENTAL / NOT CALIBRATED,100.0,100.0,0.0,0.0,0.0,0.0,0.0,0.0,0.0,0.0,75,Miren-Kostanjevica,Miren-Kostanjevica
76,Mislinja,Mislinja,Mislinja,2026-09-21,3,2026-09-18T00:00:00+00:00,19.9,16.7,18.3,100.0,0.0,0.0,0.0,0.0,below_30,Уобичајена температура,GREEN,100.0,2026-09-21T12:00:00+00:00,11,17,11–17 h,6,GEFS | ICON-EU EPS,31,40,EXPERIMENTAL / NOT CALIBRATED,100.0,100.0,0.0,0.0,0.0,0.0,0.0,0.0,0.0,0.0,76,Mislinja,Mislinja
77,Moravče,Moravče,Moravče,2026-09-21,3,2026-09-18T00:00:00+00:00,20.2,19.6,19.9,100.0,0.0,0.0,0.0,0.0,below_30,Уобичајена температура,GREEN,100.0,2026-09-21T12:00:00+00:00,11,17,11–17 h,6,GEFS | ICON-EU EPS,31,40,EXPERIMENTAL / NOT CALIBRATED,100.0,100.0,0.0,0.0,0.0,0.0,0.0,0.0,0.0,0.0,77,Moravče,Moravče
78,Moravske Toplice,Moravske Toplice,Moravske Toplice,2026-09-21,3,2026-09-18T00:00:00+00:00,21.8,20.6,21.2,100.0,0.0,0.0,0.0,0.0,below_30,Уобичајена температура,GREEN,100.0,2026-09-21T12:00:00+00:00,11,17,11–17 h,6,GEFS | ICON-EU EPS,31,40,EXPERIMENTAL / NOT CALIBRATED,100.0,100.0,0.0,0.0,0.0,0.0,0.0,0.0,0.0,0.0,78,Moravske Toplice,Moravske Toplice
79,Mozirje,Mozirje,Mozirje,2026-09-21,3,2026-09-18T00:00:00+00:00,19.9,18.5,19.2,100.0,0.0,0.0,0.0,0.0,below_30,Уобичајена температура,GREEN,100.0,2026-09-21T12:00:00+00:00,11,17,11–17 h,6,GEFS | ICON-EU EPS,31,40,EXPERIMENTAL / NOT CALIBRATED,100.0,100.0,0.0,0.0,0.0,0.0,0.0,0.0,0.0,0.0,79,Mozirje,Mozirje
80,Murska Sobota,Murska Sobota,Murska Sobota,2026-09-21,3,2026-09-18T00:00:00+00:00,21.8,20.7,21.2,100.0,0.0,0.0,0.0,0.0,below_30,Уобичајена температура,GREEN,100.0,2026-09-21T12:00:00+00:00,11,17,11–17 h,6,GEFS | ICON-EU EPS,31,40,EXPERIMENTAL / NOT CALIBRATED,100.0,100.0,0.0,0.0,0.0,0.0,0.0,0.0,0.0,0.0,80,Murska Sobota,Murska Sobota
81,Muta,Muta,Muta,2026-09-21,3,2026-09-18T00:00:00+00:00,20.1,19.9,20.0,100.0,0.0,0.0,0.0,0.0,below_30,Уобичајена температура,GREEN,100.0,2026-09-21T12:00:00+00:00,11,17,11–17 h,6,GEFS | ICON-EU EPS,31,40,EXPERIMENTAL / NOT CALIBRATED,100.0,100.0,0.0,0.0,0.0,0.0,0.0,0.0,0.0,0.0,81,Muta,Muta
82,Naklo,Naklo,Naklo,2026-09-21,3,2026-09-18T00:00:00+00:00,20.8,19.2,20.0,100.0,0.0,0.0,0.0,0.0,below_30,Уобичајена температура,GREEN,100.0,2026-09-21T12:00:00+00:00,11,17,11–17 h,6,GEFS | ICON-EU EPS,31,40,EXPERIMENTAL / NOT CALIBRATED,100.0,100.0,0.0,0.0,0.0,0.0,0.0,0.0,0.0,0.0,82,Naklo,Naklo
83,Nazarje,Nazarje,Nazarje,2026-09-21,3,2026-09-18T00:00:00+00:00,19.9,17.9,18.9,100.0,0.0,0.0,0.0,0.0,below_30,Уобичајена температура,GREEN,100.0,2026-09-21T12:00:00+00:00,11,17,11–17 h,6,GEFS | ICON-EU EPS,31,40,EXPERIMENTAL / NOT CALIBRATED,100.0,100.0,0.0,0.0,0.0,0.0,0.0,0.0,0.0,0.0,83,Nazarje,Nazarje
84,Nova Gorica,Nova Gorica,Nova Gorica,2026-09-21,3,2026-09-18T00:00:00+00:00,24.1,25.2,24.6,100.0,0.0,0.0,0.0,0.0,below_30,Уобичајена температура,GREEN,100.0,2026-09-21T12:00:00+00:00,11,17,11–17 h,6,GEFS | ICON-EU EPS,31,40,EXPERIMENTAL / NOT CALIBRATED,100.0,100.0,0.0,0.0,0.0,0.0,0.0,0.0,0.0,0.0,84,Nova Gorica,Nova Gorica
85,Novo mesto,Novo mesto,Novo mesto,2026-09-21,3,2026-09-18T00:00:00+00:00,21.0,20.0,20.5,100.0,0.0,0.0,0.0,0.0,below_30,Уобичајена температура,GREEN,100.0,2026-09-21T12:00:00+00:00,11,17,11–17 h,6,GEFS | ICON-EU EPS,31,40,EXPERIMENTAL / NOT CALIBRATED,100.0,100.0,0.0,0.0,0.0,0.0,0.0,0.0,0.0,0.0,85,Novo mesto,Novo mesto
86,Odranci,Odranci,Odranci,2026-09-21,3,2026-09-18T00:00:00+00:00,21.1,21.4,21.3,100.0,0.0,0.0,0.0,0.0,below_30,Уобичајена температура,GREEN,100.0,2026-09-21T12:00:00+00:00,11,17,11–17 h,6,GEFS | ICON-EU EPS,31,40,EXPERIMENTAL / NOT CALIBRATED,100.0,100.0,0.0,0.0,0.0,0.0,0.0,0.0,0.0,0.0,86,Odranci,Odranci
87,Ormož,Ormož,Ormož,2026-09-21,3,2026-09-18T00:00:00+00:00,21.1,20.1,20.6,100.0,0.0,0.0,0.0,0.0,below_30,Уобичајена температура,GREEN,100.0,2026-09-21T12:00:00+00:00,11,17,11–17 h,6,GEFS | ICON-EU EPS,31,40,EXPERIMENTAL / NOT CALIBRATED,100.0,100.0,0.0,0.0,0.0,0.0,0.0,0.0,0.0,0.0,87,Ormož,Ormož
88,Osilnica,Osilnica,Osilnica,2026-09-21,3,2026-09-18T00:00:00+00:00,20.3,17.4,18.8,100.0,0.0,0.0,0.0,0.0,below_30,Уобичајена температура,GREEN,100.0,2026-09-21T12:00:00+00:00,11,17,11–17 h,6,GEFS | ICON-EU EPS,31,40,EXPERIMENTAL / NOT CALIBRATED,100.0,100.0,0.0,0.0,0.0,0.0,0.0,0.0,0.0,0.0,88,Osilnica,Osilnica
89,Pesnica,Pesnica,Pesnica,2026-09-21,3,2026-09-18T00:00:00+00:00,20.9,19.0,20.0,100.0,0.0,0.0,0.0,0.0,below_30,Уобичајена температура,GREEN,100.0,2026-09-21T12:00:00+00:00,11,17,11–17 h,6,GEFS | ICON-EU EPS,31,40,EXPERIMENTAL / NOT CALIBRATED,100.0,100.0,0.0,0.0,0.0,0.0,0.0,0.0,0.0,0.0,89,Pesnica,Pesnica
90,Piran,Piran,Piran,2026-09-21,3,2026-09-18T00:00:00+00:00,26.1,26.8,26.4,100.0,0.0,0.0,0.0,0.0,below_30,Уобичајена температура,GREEN,100.0,2026-09-21T12:00:00+00:00,11,17,11–17 h,6,GEFS | ICON-EU EPS,31,40,EXPERIMENTAL / NOT CALIBRATED,100.0,100.0,0.0,0.0,0.0,0.0,0.0,0.0,0.0,0.0,90,Piran,Piran
91,Pivka,Pivka,Pivka,2026-09-21,3,2026-09-18T00:00:00+00:00,21.6,20.3,21.0,100.0,0.0,0.0,0.0,0.0,below_30,Уобичајена температура,GREEN,100.0,2026-09-21T12:00:00+00:00,11,17,11–17 h,6,GEFS | ICON-EU EPS,31,40,EXPERIMENTAL / NOT CALIBRATED,100.0,100.0,0.0,0.0,0.0,0.0,0.0,0.0,0.0,0.0,91,Pivka,Pivka
92,Podčetrtek,Podčetrtek,Podčetrtek,2026-09-21,3,2026-09-18T00:00:00+00:00,20.7,20.0,20.4,100.0,0.0,0.0,0.0,0.0,below_30,Уобичајена температура,GREEN,100.0,2026-09-21T12:00:00+00:00,11,17,11–17 h,6,GEFS | ICON-EU EPS,31,40,EXPERIMENTAL / NOT CALIBRATED,100.0,100.0,0.0,0.0,0.0,0.0,0.0,0.0,0.0,0.0,92,Podčetrtek,Podčetrtek
93,Podvelka,Podvelka,Podvelka,2026-09-21,3,2026-09-18T00:00:00+00:00,19.9,17.6,18.8,100.0,0.0,0.0,0.0,0.0,below_30,Уобичајена температура,GREEN,100.0,2026-09-21T12:00:00+00:00,11,17,11–17 h,6,GEFS | ICON-EU EPS,31,40,EXPERIMENTAL / NOT CALIBRATED,100.0,100.0,0.0,0.0,0.0,0.0,0.0,0.0,0.0,0.0,93,Podvelka,Podvelka
94,Postojna,Postojna,Postojna,2026-09-21,3,2026-09-18T00:00:00+00:00,21.6,19.3,20.5,100.0,0.0,0.0,0.0,0.0,below_30,Уобичајена температура,GREEN,100.0,2026-09-21T12:00:00+00:00,11,17,11–17 h,6,GEFS | ICON-EU EPS,31,40,EXPERIMENTAL / NOT CALIBRATED,100.0,100.0,0.0,0.0,0.0,0.0,0.0,0.0,0.0,0.0,94,Postojna,Postojna
95,Preddvor,Preddvor,Preddvor,2026-09-21,3,2026-09-18T00:00:00+00:00,20.3,16.5,18.4,100.0,0.0,0.0,0.0,0.0,below_30,Уобичајена температура,GREEN,100.0,2026-09-21T12:00:00+00:00,11,17,11–17 h,6,GEFS | ICON-EU EPS,31,40,EXPERIMENTAL / NOT CALIBRATED,100.0,100.0,0.0,0.0,0.0,0.0,0.0,0.0,0.0,0.0,95,Preddvor,Preddvor
96,Ptuj,Ptuj,Ptuj,2026-09-21,3,2026-09-18T00:00:00+00:00,20.9,19.7,20.3,100.0,0.0,0.0,0.0,0.0,below_30,Уобичајена температура,GREEN,100.0,2026-09-21T12:00:00+00:00,11,17,11–17 h,6,GEFS | ICON-EU EPS,31,40,EXPERIMENTAL / NOT CALIBRATED,100.0,100.0,0.0,0.0,0.0,0.0,0.0,0.0,0.0,0.0,96,Ptuj,Ptuj
97,Puconci,Puconci,Puconci,2026-09-21,3,2026-09-18T00:00:00+00:00,21.8,20.6,21.2,100.0,0.0,0.0,0.0,0.0,below_30,Уобичајена температура,GREEN,100.0,2026-09-21T12:00:00+00:00,11,17,11–17 h,6,GEFS | ICON-EU EPS,31,40,EXPERIMENTAL / NOT CALIBRATED,100.0,100.0,0.0,0.0,0.0,0.0,0.0,0.0,0.0,0.0,97,Puconci,Puconci
98,Rače-Fram,Rače-Fram,Rače-Fram,2026-09-21,3,2026-09-18T00:00:00+00:00,20.9,20.0,20.5,100.0,0.0,0.0,0.0,0.0,below_30,Уобичајена температура,GREEN,100.0,2026-09-21T12:00:00+00:00,11,17,11–17 h,6,GEFS | ICON-EU EPS,31,40,EXPERIMENTAL / NOT CALIBRATED,100.0,100.0,0.0,0.0,0.0,0.0,0.0,0.0,0.0,0.0,98,Rače-Fram,Rače-Fram
99,Radeče,Radeče,Radeče,2026-09-21,3,2026-09-18T00:00:00+00:00,20.6,19.3,19.9,100.0,0.0,0.0,0.0,0.0,below_30,Уобичајена температура,GREEN,100.0,2026-09-21T12:00:00+00:00,11,17,11–17 h,6,GEFS | ICON-EU EPS,31,40,EXPERIMENTAL / NOT CALIBRATED,100.0,100.0,0.0,0.0,0.0,0.0,0.0,0.0,0.0,0.0,99,Radeče,Radeče
100,Radenci,Radenci,Radenci,2026-09-21,3,2026-09-18T00:00:00+00:00,20.6,20.7,20.6,100.0,0.0,0.0,0.0,0.0,below_30,Уобичајена температура,GREEN,100.0,2026-09-21T12:00:00+00:00,11,17,11–17 h,6,GEFS | ICON-EU EPS,31,40,EXPERIMENTAL / NOT CALIBRATED,100.0,100.0,0.0,0.0,0.0,0.0,0.0,0.0,0.0,0.0,100,Radenci,Radenci
101,Radlje ob Dravi,Radlje ob Dravi,Radlje ob Dravi,2026-09-21,3,2026-09-18T00:00:00+00:00,19.9,17.1,18.5,100.0,0.0,0.0,0.0,0.0,below_30,Уобичајена температура,GREEN,100.0,2026-09-21T12:00:00+00:00,11,17,11–17 h,6,GEFS | ICON-EU EPS,31,40,EXPERIMENTAL / NOT CALIBRATED,100.0,100.0,0.0,0.0,0.0,0.0,0.0,0.0,0.0,0.0,101,Radlje ob Dravi,Radlje ob Dravi
102,Radovljica,Radovljica,Radovljica,2026-09-21,3,2026-09-18T00:00:00+00:00,20.8,19.2,20.0,100.0,0.0,0.0,0.0,0.0,below_30,Уобичајена температура,GREEN,100.0,2026-09-21T12:00:00+00:00,11,17,11–17 h,6,GEFS | ICON-EU EPS,31,40,EXPERIMENTAL / NOT CALIBRATED,100.0,100.0,0.0,0.0,0.0,0.0,0.0,0.0,0.0,0.0,102,Radovljica,Radovljica
103,Ravne na Koroškem,Ravne na Koroškem,Ravne na Koroškem,2026-09-21,3,2026-09-18T00:00:00+00:00,20.0,20.5,20.2,100.0,0.0,0.0,0.0,0.0,below_30,Уобичајена температура,GREEN,100.0,2026-09-21T12:00:00+00:00,11,17,11–17 h,6,GEFS | ICON-EU EPS,31,40,EXPERIMENTAL / NOT CALIBRATED,100.0,100.0,0.0,0.0,0.0,0.0,0.0,0.0,0.0,0.0,103,Ravne na Koroškem,Ravne na Koroškem
104,Ribnica,Ribnica,Ribnica,2026-09-21,3,2026-09-18T00:00:00+00:00,20.2,19.6,19.9,100.0,0.0,0.0,0.0,0.0,below_30,Уобичајена температура,GREEN,100.0,2026-09-21T12:00:00+00:00,11,17,11–17 h,6,GEFS | ICON-EU EPS,31,40,EXPERIMENTAL / NOT CALIBRATED,100.0,100.0,0.0,0.0,0.0,0.0,0.0,0.0,0.0,0.0,104,Ribnica,Ribnica
105,Rogašovci,Rogašovci,Rogašovci,2026-09-21,3,2026-09-18T00:00:00+00:00,20.8,19.9,20.3,100.0,0.0,0.0,0.0,0.0,below_30,Уобичајена температура,GREEN,100.0,2026-09-21T12:00:00+00:00,11,17,11–17 h,6,GEFS | ICON-EU EPS,31,40,EXPERIMENTAL / NOT CALIBRATED,100.0,100.0,0.0,0.0,0.0,0.0,0.0,0.0,0.0,0.0,105,Rogašovci,Rogašovci
106,Rogaška Slatina,Rogaška Slatina,Rogaška Slatina,2026-09-21,3,2026-09-18T00:00:00+00:00,21.1,19.5,20.3,100.0,0.0,0.0,0.0,0.0,below_30,Уобичајена температура,GREEN,100.0,2026-09-21T12:00:00+00:00,11,17,11–17 h,6,GEFS | ICON-EU EPS,31,40,EXPERIMENTAL / NOT CALIBRATED,100.0,100.0,0.0,0.0,0.0,0.0,0.0,0.0,0.0,0.0,106,Rogaška Slatina,Rogaška Slatina
107,Rogatec,Rogatec,Rogatec,2026-09-21,3,2026-09-18T00:00:00+00:00,21.1,19.8,20.4,100.0,0.0,0.0,0.0,0.0,below_30,Уобичајена температура,GREEN,100.0,2026-09-21T12:00:00+00:00,11,17,11–17 h,6,GEFS | ICON-EU EPS,31,40,EXPERIMENTAL / NOT CALIBRATED,100.0,100.0,0.0,0.0,0.0,0.0,0.0,0.0,0.0,0.0,107,Rogatec,Rogatec
108,Ruše,Ruše,Ruše,2026-09-21,3,2026-09-18T00:00:00+00:00,20.4,16.6,18.5,100.0,0.0,0.0,0.0,0.0,below_30,Уобичајена температура,GREEN,100.0,2026-09-21T12:00:00+00:00,11,17,11–17 h,6,GEFS | ICON-EU EPS,31,40,EXPERIMENTAL / NOT CALIBRATED,100.0,100.0,0.0,0.0,0.0,0.0,0.0,0.0,0.0,0.0,108,Ruše,Ruše
109,Semič,Semič,Semič,2026-09-21,3,2026-09-18T00:00:00+00:00,21.0,17.9,19.4,100.0,0.0,0.0,0.0,0.0,below_30,Уобичајена температура,GREEN,100.0,2026-09-21T12:00:00+00:00,11,17,11–17 h,6,GEFS | ICON-EU EPS,31,40,EXPERIMENTAL / NOT CALIBRATED,100.0,100.0,0.0,0.0,0.0,0.0,0.0,0.0,0.0,0.0,109,Semič,Semič
110,Sevnica,Sevnica,Sevnica,2026-09-21,3,2026-09-18T00:00:00+00:00,20.6,19.3,19.9,100.0,0.0,0.0,0.0,0.0,below_30,Уобичајена температура,GREEN,100.0,2026-09-21T12:00:00+00:00,11,17,11–17 h,6,GEFS | ICON-EU EPS,31,40,EXPERIMENTAL / NOT CALIBRATED,100.0,100.0,0.0,0.0,0.0,0.0,0.0,0.0,0.0,0.0,110,Sevnica,Sevnica
111,Sežana,Sežana,Sežana,2026-09-21,3,2026-09-18T00:00:00+00:00,23.6,24.2,23.9,100.0,0.0,0.0,0.0,0.0,below_30,Уобичајена температура,GREEN,100.0,2026-09-21T12:00:00+00:00,11,17,11–17 h,6,GEFS | ICON-EU EPS,31,40,EXPERIMENTAL / NOT CALIBRATED,100.0,100.0,0.0,0.0,0.0,0.0,0.0,0.0,0.0,0.0,111,Sežana,Sežana
112,Slovenj Gradec,Slovenj Gradec,Slovenj Gradec,2026-09-21,3,2026-09-18T00:00:00+00:00,20.0,19.9,19.9,100.0,0.0,0.0,0.0,0.0,below_30,Уобичајена температура,GREEN,100.0,2026-09-21T12:00:00+00:00,11,17,11–17 h,6,GEFS | ICON-EU EPS,31,40,EXPERIMENTAL / NOT CALIBRATED,100.0,100.0,0.0,0.0,0.0,0.0,0.0,0.0,0.0,0.0,112,Slovenj Gradec,Slovenj Gradec
113,Slovenska Bistrica,Slovenska Bistrica,Slovenska Bistrica,2026-09-21,3,2026-09-18T00:00:00+00:00,20.4,17.5,18.9,100.0,0.0,0.0,0.0,0.0,below_30,Уобичајена температура,GREEN,100.0,2026-09-21T12:00:00+00:00,11,17,11–17 h,6,GEFS | ICON-EU EPS,31,40,EXPERIMENTAL / NOT CALIBRATED,100.0,100.0,0.0,0.0,0.0,0.0,0.0,0.0,0.0,0.0,113,Slovenska Bistrica,Slovenska Bistrica
114,Slovenske Konjice,Slovenske Konjice,Slovenske Konjice,2026-09-21,3,2026-09-18T00:00:00+00:00,20.7,17.5,19.1,100.0,0.0,0.0,0.0,0.0,below_30,Уобичајена температура,GREEN,100.0,2026-09-21T12:00:00+00:00,11,17,11–17 h,6,GEFS | ICON-EU EPS,31,40,EXPERIMENTAL / NOT CALIBRATED,100.0,100.0,0.0,0.0,0.0,0.0,0.0,0.0,0.0,0.0,114,Slovenske Konjice,Slovenske Konjice
115,Starše,Starše,Starše,2026-09-21,3,2026-09-18T00:00:00+00:00,20.9,20.0,20.5,100.0,0.0,0.0,0.0,0.0,below_30,Уобичајена температура,GREEN,100.0,2026-09-21T12:00:00+00:00,11,17,11–17 h,6,GEFS | ICON-EU EPS,31,40,EXPERIMENTAL / NOT CALIBRATED,100.0,100.0,0.0,0.0,0.0,0.0,0.0,0.0,0.0,0.0,115,Starše,Starše
116,Sveti Jurij ob Ščavnici,Sveti Jurij ob Ščavnici,Sveti Jurij ob Ščavnici,2026-09-21,3,2026-09-18T00:00:00+00:00,20.6,20.7,20.6,100.0,0.0,0.0,0.0,0.0,below_30,Уобичајена температура,GREEN,100.0,2026-09-21T12:00:00+00:00,11,17,11–17 h,6,GEFS | ICON-EU EPS,31,40,EXPERIMENTAL / NOT CALIBRATED,100.0,100.0,0.0,0.0,0.0,0.0,0.0,0.0,0.0,0.0,116,Sveti Jurij ob Ščavnici,Sveti Jurij ob Ščavnici
117,Šenčur,Šenčur,Šenčur,2026-09-21,3,2026-09-18T00:00:00+00:00,20.3,19.2,19.7,100.0,0.0,0.0,0.0,0.0,below_30,Уобичајена температура,GREEN,100.0,2026-09-21T12:00:00+00:00,11,17,11–17 h,6,GEFS | ICON-EU EPS,31,40,EXPERIMENTAL / NOT CALIBRATED,100.0,100.0,0.0,0.0,0.0,0.0,0.0,0.0,0.0,0.0,117,Šenčur,Šenčur
118,Šentilj,Šentilj,Šentilj,2026-09-21,3,2026-09-18T00:00:00+00:00,21.6,19.0,20.3,100.0,0.0,0.0,0.0,0.0,below_30,Уобичајена температура,GREEN,100.0,2026-09-21T12:00:00+00:00,11,17,11–17 h,6,GEFS | ICON-EU EPS,31,40,EXPERIMENTAL / NOT CALIBRATED,100.0,100.0,0.0,0.0,0.0,0.0,0.0,0.0,0.0,0.0,118,Šentilj,Šentilj
119,Šentjernej,Šentjernej,Šentjernej,2026-09-21,3,2026-09-18T00:00:00+00:00,21.0,21.0,21.0,100.0,0.0,0.0,0.0,0.0,below_30,Уобичајена температура,GREEN,100.0,2026-09-21T12:00:00+00:00,11,17,11–17 h,6,GEFS | ICON-EU EPS,31,40,EXPERIMENTAL / NOT CALIBRATED,100.0,100.0,0.0,0.0,0.0,0.0,0.0,0.0,0.0,0.0,119,Šentjernej,Šentjernej
120,Šentjur,Šentjur,Šentjur,2026-09-21,3,2026-09-18T00:00:00+00:00,20.7,18.7,19.7,100.0,0.0,0.0,0.0,0.0,below_30,Уобичајена температура,GREEN,100.0,2026-09-21T12:00:00+00:00,11,17,11–17 h,6,GEFS | ICON-EU EPS,31,40,EXPERIMENTAL / NOT CALIBRATED,100.0,100.0,0.0,0.0,0.0,0.0,0.0,0.0,0.0,0.0,120,Šentjur,Šentjur
121,Škocjan,Škocjan,Škocjan,2026-09-21,3,2026-09-18T00:00:00+00:00,20.6,21.0,20.8,100.0,0.0,0.0,0.0,0.0,below_30,Уобичајена температура,GREEN,100.0,2026-09-21T12:00:00+00:00,11,17,11–17 h,6,GEFS | ICON-EU EPS,31,40,EXPERIMENTAL / NOT CALIBRATED,100.0,100.0,0.0,0.0,0.0,0.0,0.0,0.0,0.0,0.0,121,Škocjan,Škocjan
122,Škofja Loka,Škofja Loka,Škofja Loka,2026-09-21,3,2026-09-18T00:00:00+00:00,20.8,20.0,20.4,100.0,0.0,0.0,0.0,0.0,below_30,Уобичајена температура,GREEN,100.0,2026-09-21T12:00:00+00:00,11,17,11–17 h,6,GEFS | ICON-EU EPS,31,40,EXPERIMENTAL / NOT CALIBRATED,100.0,100.0,0.0,0.0,0.0,0.0,0.0,0.0,0.0,0.0,122,Škofja Loka,Škofja Loka
123,Škofljica,Škofljica,Škofljica,2026-09-21,3,2026-09-18T00:00:00+00:00,21.1,20.2,20.7,100.0,0.0,0.0,0.0,0.0,below_30,Уобичајена температура,GREEN,100.0,2026-09-21T12:00:00+00:00,11,17,11–17 h,6,GEFS | ICON-EU EPS,31,40,EXPERIMENTAL / NOT CALIBRATED,100.0,100.0,0.0,0.0,0.0,0.0,0.0,0.0,0.0,0.0,123,Škofljica,Škofljica
124,Šmarje pri Jelšah,Šmarje pri Jelšah,Šmarje pri Jelšah,2026-09-21,3,2026-09-18T00:00:00+00:00,20.7,19.5,20.1,100.0,0.0,0.0,0.0,0.0,below_30,Уобичајена температура,GREEN,100.0,2026-09-21T12:00:00+00:00,11,17,11–17 h,6,GEFS | ICON-EU EPS,31,40,EXPERIMENTAL / NOT CALIBRATED,100.0,100.0,0.0,0.0,0.0,0.0,0.0,0.0,0.0,0.0,124,Šmarje pri Jelšah,Šmarje pri Jelšah
125,Šmartno ob Paki,Šmartno ob Paki,Šmartno ob Paki,2026-09-21,3,2026-09-18T00:00:00+00:00,19.9,18.5,19.2,100.0,0.0,0.0,0.0,0.0,below_30,Уобичајена температура,GREEN,100.0,2026-09-21T12:00:00+00:00,11,17,11–17 h,6,GEFS | ICON-EU EPS,31,40,EXPERIMENTAL / NOT CALIBRATED,100.0,100.0,0.0,0.0,0.0,0.0,0.0,0.0,0.0,0.0,125,Šmartno ob Paki,Šmartno ob Paki
126,Šoštanj,Šoštanj,Šoštanj,2026-09-21,3,2026-09-18T00:00:00+00:00,20.0,18.5,19.2,100.0,0.0,0.0,0.0,0.0,below_30,Уобичајена температура,GREEN,100.0,2026-09-21T12:00:00+00:00,11,17,11–17 h,6,GEFS | ICON-EU EPS,31,40,EXPERIMENTAL / NOT CALIBRATED,100.0,100.0,0.0,0.0,0.0,0.0,0.0,0.0,0.0,0.0,126,Šoštanj,Šoštanj
127,Štore,Štore,Štore,2026-09-21,3,2026-09-18T00:00:00+00:00,20.2,18.7,19.5,100.0,0.0,0.0,0.0,0.0,below_30,Уобичајена температура,GREEN,100.0,2026-09-21T12:00:00+00:00,11,17,11–17 h,6,GEFS | ICON-EU EPS,31,40,EXPERIMENTAL / NOT CALIBRATED,100.0,100.0,0.0,0.0,0.0,0.0,0.0,0.0,0.0,0.0,127,Štore,Štore
128,Tolmin,Tolmin,Tolmin,2026-09-21,3,2026-09-18T00:00:00+00:00,20.8,19.1,19.9,100.0,0.0,0.0,0.0,0.0,below_30,Уобичајена температура,GREEN,100.0,2026-09-21T12:00:00+00:00,11,17,11–17 h,6,GEFS | ICON-EU EPS,31,40,EXPERIMENTAL / NOT CALIBRATED,100.0,100.0,0.0,0.0,0.0,0.0,0.0,0.0,0.0,0.0,128,Tolmin,Tolmin
129,Trbovlje,Trbovlje,Trbovlje,2026-09-21,3,2026-09-18T00:00:00+00:00,19.9,18.7,19.3,100.0,0.0,0.0,0.0,0.0,below_30,Уобичајена температура,GREEN,100.0,2026-09-21T12:00:00+00:00,11,17,11–17 h,6,GEFS | ICON-EU EPS,31,40,EXPERIMENTAL / NOT CALIBRATED,100.0,100.0,0.0,0.0,0.0,0.0,0.0,0.0,0.0,0.0,129,Trbovlje,Trbovlje
130,Trebnje,Trebnje,Trebnje,2026-09-21,3,2026-09-18T00:00:00+00:00,20.5,20.6,20.5,100.0,0.0,0.0,0.0,0.0,below_30,Уобичајена температура,GREEN,100.0,2026-09-21T12:00:00+00:00,11,17,11–17 h,6,GEFS | ICON-EU EPS,31,40,EXPERIMENTAL / NOT CALIBRATED,100.0,100.0,0.0,0.0,0.0,0.0,0.0,0.0,0.0,0.0,130,Trebnje,Trebnje
131,Tržič,Tržič,Tržič,2026-09-21,3,2026-09-18T00:00:00+00:00,20.7,19.2,20.0,100.0,0.0,0.0,0.0,0.0,below_30,Уобичајена температура,GREEN,100.0,2026-09-21T12:00:00+00:00,11,17,11–17 h,6,GEFS | ICON-EU EPS,31,40,EXPERIMENTAL / NOT CALIBRATED,100.0,100.0,0.0,0.0,0.0,0.0,0.0,0.0,0.0,0.0,131,Tržič,Tržič
132,Turnišče,Turnišče,Turnišče,2026-09-21,3,2026-09-18T00:00:00+00:00,21.1,21.4,21.3,100.0,0.0,0.0,0.0,0.0,below_30,Уобичајена температура,GREEN,100.0,2026-09-21T12:00:00+00:00,11,17,11–17 h,6,GEFS | ICON-EU EPS,31,40,EXPERIMENTAL / NOT CALIBRATED,100.0,100.0,0.0,0.0,0.0,0.0,0.0,0.0,0.0,0.0,132,Turnišče,Turnišče
133,Velenje,Velenje,Velenje,2026-09-21,3,2026-09-18T00:00:00+00:00,20.2,16.7,18.5,100.0,0.0,0.0,0.0,0.0,below_30,Уобичајена температура,GREEN,100.0,2026-09-21T12:00:00+00:00,11,17,11–17 h,6,GEFS | ICON-EU EPS,31,40,EXPERIMENTAL / NOT CALIBRATED,100.0,100.0,0.0,0.0,0.0,0.0,0.0,0.0,0.0,0.0,133,Velenje,Velenje
134,Velike Lašče,Velike Lašče,Velike Lašče,2026-09-21,3,2026-09-18T00:00:00+00:00,20.6,18.5,19.6,100.0,0.0,0.0,0.0,0.0,below_30,Уобичајена температура,GREEN,100.0,2026-09-21T12:00:00+00:00,11,17,11–17 h,6,GEFS | ICON-EU EPS,31,40,EXPERIMENTAL / NOT CALIBRATED,100.0,100.0,0.0,0.0,0.0,0.0,0.0,0.0,0.0,0.0,134,Velike Lašče,Velike Lašče
135,Videm,Videm,Videm,2026-09-21,3,2026-09-18T00:00:00+00:00,21.3,19.7,20.5,100.0,0.0,0.0,0.0,0.0,below_30,Уобичајена температура,GREEN,100.0,2026-09-21T12:00:00+00:00,11,17,11–17 h,6,GEFS | ICON-EU EPS,31,40,EXPERIMENTAL / NOT CALIBRATED,100.0,100.0,0.0,0.0,0.0,0.0,0.0,0.0,0.0,0.0,135,Videm,Videm
136,Vipava,Vipava,Vipava,2026-09-21,3,2026-09-18T00:00:00+00:00,23.6,19.3,21.5,100.0,0.0,0.0,0.0,0.0,below_30,Уобичајена температура,GREEN,100.0,2026-09-21T12:00:00+00:00,11,17,11–17 h,6,GEFS | ICON-EU EPS,31,40,EXPERIMENTAL / NOT CALIBRATED,100.0,100.0,0.0,0.0,0.0,0.0,0.0,0.0,0.0,0.0,136,Vipava,Vipava
137,Vitanje,Vitanje,Vitanje,2026-09-21,3,2026-09-18T00:00:00+00:00,19.9,17.6,18.7,100.0,0.0,0.0,0.0,0.0,below_30,Уобичајена температура,GREEN,100.0,2026-09-21T12:00:00+00:00,11,17,11–17 h,6,GEFS | ICON-EU EPS,31,40,EXPERIMENTAL / NOT CALIBRATED,100.0,100.0,0.0,0.0,0.0,0.0,0.0,0.0,0.0,0.0,137,Vitanje,Vitanje
138,Vodice,Vodice,Vodice,2026-09-21,3,2026-09-18T00:00:00+00:00,20.3,19.9,20.1,100.0,0.0,0.0,0.0,0.0,below_30,Уобичајена температура,GREEN,100.0,2026-09-21T12:00:00+00:00,11,17,11–17 h,6,GEFS | ICON-EU EPS,31,40,EXPERIMENTAL / NOT CALIBRATED,100.0,100.0,0.0,0.0,0.0,0.0,0.0,0.0,0.0,0.0,138,Vodice,Vodice
139,Vojnik,Vojnik,Vojnik,2026-09-21,3,2026-09-18T00:00:00+00:00,20.2,17.6,18.9,100.0,0.0,0.0,0.0,0.0,below_30,Уобичајена температура,GREEN,100.0,2026-09-21T12:00:00+00:00,11,17,11–17 h,6,GEFS | ICON-EU EPS,31,40,EXPERIMENTAL / NOT CALIBRATED,100.0,100.0,0.0,0.0,0.0,0.0,0.0,0.0,0.0,0.0,139,Vojnik,Vojnik
140,Vrhnika,Vrhnika,Vrhnika,2026-09-21,3,2026-09-18T00:00:00+00:00,21.8,19.8,20.8,100.0,0.0,0.0,0.0,0.0,below_30,Уобичајена температура,GREEN,100.0,2026-09-21T12:00:00+00:00,11,17,11–17 h,6,GEFS | ICON-EU EPS,31,40,EXPERIMENTAL / NOT CALIBRATED,100.0,100.0,0.0,0.0,0.0,0.0,0.0,0.0,0.0,0.0,140,Vrhnika,Vrhnika
141,Vuzenica,Vuzenica,Vuzenica,2026-09-21,3,2026-09-18T00:00:00+00:00,19.9,19.9,19.9,100.0,0.0,0.0,0.0,0.0,below_30,Уобичајена температура,GREEN,100.0,2026-09-21T12:00:00+00:00,11,17,11–17 h,6,GEFS | ICON-EU EPS,31,40,EXPERIMENTAL / NOT CALIBRATED,100.0,100.0,0.0,0.0,0.0,0.0,0.0,0.0,0.0,0.0,141,Vuzenica,Vuzenica
142,Zagorje ob Savi,Zagorje ob Savi,Zagorje ob Savi,2026-09-21,3,2026-09-18T00:00:00+00:00,19.9,19.4,19.6,100.0,0.0,0.0,0.0,0.0,below_30,Уобичајена температура,GREEN,100.0,2026-09-21T12:00:00+00:00,11,17,11–17 h,6,GEFS | ICON-EU EPS,31,40,EXPERIMENTAL / NOT CALIBRATED,100.0,100.0,0.0,0.0,0.0,0.0,0.0,0.0,0.0,0.0,142,Zagorje ob Savi,Zagorje ob Savi
143,Zavrč,Zavrč,Zavrč,2026-09-21,3,2026-09-18T00:00:00+00:00,21.3,19.7,20.5,100.0,0.0,0.0,0.0,0.0,below_30,Уобичајена температура,GREEN,100.0,2026-09-21T12:00:00+00:00,11,17,11–17 h,6,GEFS | ICON-EU EPS,31,40,EXPERIMENTAL / NOT CALIBRATED,100.0,100.0,0.0,0.0,0.0,0.0,0.0,0.0,0.0,0.0,143,Zavrč,Zavrč
144,Zreče,Zreče,Zreče,2026-09-21,3,2026-09-18T00:00:00+00:00,19.9,17.5,18.7,100.0,0.0,0.0,0.0,0.0,below_30,Уобичајена температура,GREEN,100.0,2026-09-21T12:00:00+00:00,11,17,11–17 h,6,GEFS | ICON-EU EPS,31,40,EXPERIMENTAL / NOT CALIBRATED,100.0,100.0,0.0,0.0,0.0,0.0,0.0,0.0,0.0,0.0,144,Zreče,Zreče
146,Železniki,Železniki,Železniki,2026-09-21,3,2026-09-18T00:00:00+00:00,20.0,17.6,18.8,100.0,0.0,0.0,0.0,0.0,below_30,Уобичајена температура,GREEN,100.0,2026-09-21T12:00:00+00:00,11,17,11–17 h,6,GEFS | ICON-EU EPS,31,40,EXPERIMENTAL / NOT CALIBRATED,100.0,100.0,0.0,0.0,0.0,0.0,0.0,0.0,0.0,0.0,146,Železniki,Železniki
147,Žiri,Žiri,Žiri,2026-09-21,3,2026-09-18T00:00:00+00:00,22.5,18.6,20.5,100.0,0.0,0.0,0.0,0.0,below_30,Уобичајена температура,GREEN,100.0,2026-09-21T12:00:00+00:00,11,17,11–17 h,6,GEFS | ICON-EU EPS,31,40,EXPERIMENTAL / NOT CALIBRATED,100.0,100.0,0.0,0.0,0.0,0.0,0.0,0.0,0.0,0.0,147,Žiri,Žiri
148,Benedikt,Benedikt,Benedikt,2026-09-21,3,2026-09-18T00:00:00+00:00,20.6,20.1,20.3,100.0,0.0,0.0,0.0,0.0,below_30,Уобичајена температура,GREEN,100.0,2026-09-21T12:00:00+00:00,11,17,11–17 h,6,GEFS | ICON-EU EPS,31,40,EXPERIMENTAL / NOT CALIBRATED,100.0,100.0,0.0,0.0,0.0,0.0,0.0,0.0,0.0,0.0,148,Benedikt,Benedikt
149,Bistrica ob Sotli,Bistrica ob Sotli,Bistrica ob Sotli,2026-09-21,3,2026-09-18T00:00:00+00:00,21.1,19.1,20.1,100.0,0.0,0.0,0.0,0.0,below_30,Уобичајена температура,GREEN,100.0,2026-09-21T12:00:00+00:00,11,17,11–17 h,6,GEFS | ICON-EU EPS,31,40,EXPERIMENTAL / NOT CALIBRATED,100.0,100.0,0.0,0.0,0.0,0.0,0.0,0.0,0.0,0.0,149,Bistrica ob Sotli,Bistrica ob Sotli
150,Bloke,Bloke,Bloke,2026-09-21,3,2026-09-18T00:00:00+00:00,20.6,18.5,19.6,100.0,0.0,0.0,0.0,0.0,below_30,Уобичајена температура,GREEN,100.0,2026-09-21T12:00:00+00:00,11,17,11–17 h,6,GEFS | ICON-EU EPS,31,40,EXPERIMENTAL / NOT CALIBRATED,100.0,100.0,0.0,0.0,0.0,0.0,0.0,0.0,0.0,0.0,150,Bloke,Bloke
151,Braslovče,Braslovče,Braslovče,2026-09-21,3,2026-09-18T00:00:00+00:00,19.9,19.4,19.6,100.0,0.0,0.0,0.0,0.0,below_30,Уобичајена температура,GREEN,100.0,2026-09-21T12:00:00+00:00,11,17,11–17 h,6,GEFS | ICON-EU EPS,31,40,EXPERIMENTAL / NOT CALIBRATED,100.0,100.0,0.0,0.0,0.0,0.0,0.0,0.0,0.0,0.0,151,Braslovče,Braslovče
152,Cankova,Cankova,Cankova,2026-09-21,3,2026-09-18T00:00:00+00:00,20.8,20.6,20.7,100.0,0.0,0.0,0.0,0.0,below_30,Уобичајена температура,GREEN,100.0,2026-09-21T12:00:00+00:00,11,17,11–17 h,6,GEFS | ICON-EU EPS,31,40,EXPERIMENTAL / NOT CALIBRATED,100.0,100.0,0.0,0.0,0.0,0.0,0.0,0.0,0.0,0.0,152,Cankova,Cankova
153,Cerkvenjak,Cerkvenjak,Cerkvenjak,2026-09-21,3,2026-09-18T00:00:00+00:00,20.6,20.1,20.3,100.0,0.0,0.0,0.0,0.0,below_30,Уобичајена температура,GREEN,100.0,2026-09-21T12:00:00+00:00,11,17,11–17 h,6,GEFS | ICON-EU EPS,31,40,EXPERIMENTAL / NOT CALIBRATED,100.0,100.0,0.0,0.0,0.0,0.0,0.0,0.0,0.0,0.0,153,Cerkvenjak,Cerkvenjak
154,Dobje,Dobje,Dobje,2026-09-21,3,2026-09-18T00:00:00+00:00,20.7,18.7,19.7,100.0,0.0,0.0,0.0,0.0,below_30,Уобичајена температура,GREEN,100.0,2026-09-21T12:00:00+00:00,11,17,11–17 h,6,GEFS | ICON-EU EPS,31,40,EXPERIMENTAL / NOT CALIBRATED,100.0,100.0,0.0,0.0,0.0,0.0,0.0,0.0,0.0,0.0,154,Dobje,Dobje
155,Dobrna,Dobrna,Dobrna,2026-09-21,3,2026-09-18T00:00:00+00:00,20.2,17.6,18.9,100.0,0.0,0.0,0.0,0.0,below_30,Уобичајена температура,GREEN,100.0,2026-09-21T12:00:00+00:00,11,17,11–17 h,6,GEFS | ICON-EU EPS,31,40,EXPERIMENTAL / NOT CALIBRATED,100.0,100.0,0.0,0.0,0.0,0.0,0.0,0.0,0.0,0.0,155,Dobrna,Dobrna
156,Dobrovnik,Dobrovnik,Dobrovnik,2026-09-21,3,2026-09-18T00:00:00+00:00,21.8,21.4,21.6,100.0,0.0,0.0,0.0,0.0,below_30,Уобичајена температура,GREEN,100.0,2026-09-21T12:00:00+00:00,11,17,11–17 h,6,GEFS | ICON-EU EPS,31,40,EXPERIMENTAL / NOT CALIBRATED,100.0,100.0,0.0,0.0,0.0,0.0,0.0,0.0,0.0,0.0,156,Dobrovnik,Dobrovnik
157,Dolenjske Toplice,Dolenjske Toplice,Dolenjske Toplice,2026-09-21,3,2026-09-18T00:00:00+00:00,20.5,19.8,20.1,100.0,0.0,0.0,0.0,0.0,below_30,Уобичајена температура,GREEN,100.0,2026-09-21T12:00:00+00:00,11,17,11–17 h,6,GEFS | ICON-EU EPS,31,40,EXPERIMENTAL / NOT CALIBRATED,100.0,100.0,0.0,0.0,0.0,0.0,0.0,0.0,0.0,0.0,157,Dolenjske Toplice,Dolenjske Toplice
158,Grad,Grad,Grad,2026-09-21,3,2026-09-18T00:00:00+00:00,20.8,20.6,20.7,100.0,0.0,0.0,0.0,0.0,below_30,Уобичајена температура,GREEN,100.0,2026-09-21T12:00:00+00:00,11,17,11–17 h,6,GEFS | ICON-EU EPS,31,40,EXPERIMENTAL / NOT CALIBRATED,100.0,100.0,0.0,0.0,0.0,0.0,0.0,0.0,0.0,0.0,158,Grad,Grad
159,Hajdina,Hajdina,Hajdina,2026-09-21,3,2026-09-18T00:00:00+00:00,20.9,20.0,20.5,100.0,0.0,0.0,0.0,0.0,below_30,Уобичајена температура,GREEN,100.0,2026-09-21T12:00:00+00:00,11,17,11–17 h,6,GEFS | ICON-EU EPS,31,40,EXPERIMENTAL / NOT CALIBRATED,100.0,100.0,0.0,0.0,0.0,0.0,0.0,0.0,0.0,0.0,159,Hajdina,Hajdina
160,Hoče-Slivnica,Hoče-Slivnica,Hoče-Slivnica,2026-09-21,3,2026-09-18T00:00:00+00:00,20.9,18.6,19.8,100.0,0.0,0.0,0.0,0.0,below_30,Уобичајена температура,GREEN,100.0,2026-09-21T12:00:00+00:00,11,17,11–17 h,6,GEFS | ICON-EU EPS,31,40,EXPERIMENTAL / NOT CALIBRATED,100.0,100.0,0.0,0.0,0.0,0.0,0.0,0.0,0.0,0.0,160,Hoče-Slivnica,Hoče-Slivnica
161,Hodoš,Hodoš,Hodoš,2026-09-21,3,2026-09-18T00:00:00+00:00,21.8,20.5,21.1,100.0,0.0,0.0,0.0,0.0,below_30,Уобичајена температура,GREEN,100.0,2026-09-21T12:00:00+00:00,11,17,11–17 h,6,GEFS | ICON-EU EPS,31,40,EXPERIMENTAL / NOT CALIBRATED,100.0,100.0,0.0,0.0,0.0,0.0,0.0,0.0,0.0,0.0,161,Hodoš,Hodoš
162,Horjul,Horjul,Horjul,2026-09-21,3,2026-09-18T00:00:00+00:00,21.8,19.8,20.8,100.0,0.0,0.0,0.0,0.0,below_30,Уобичајена температура,GREEN,100.0,2026-09-21T12:00:00+00:00,11,17,11–17 h,6,GEFS | ICON-EU EPS,31,40,EXPERIMENTAL / NOT CALIBRATED,100.0,100.0,0.0,0.0,0.0,0.0,0.0,0.0,0.0,0.0,162,Horjul,Horjul
163,Jezersko,Jezersko,Jezersko,2026-09-21,3,2026-09-18T00:00:00+00:00,21.2,16.5,18.9,100.0,0.0,0.0,0.0,0.0,below_30,Уобичајена температура,GREEN,100.0,2026-09-21T12:00:00+00:00,11,17,11–17 h,6,GEFS | ICON-EU EPS,31,40,EXPERIMENTAL / NOT CALIBRATED,100.0,100.0,0.0,0.0,0.0,0.0,0.0,0.0,0.0,0.0,163,Jezersko,Jezersko
164,Komenda,Komenda,Komenda,2026-09-21,3,2026-09-18T00:00:00+00:00,20.3,19.9,20.1,100.0,0.0,0.0,0.0,0.0,below_30,Уобичајена температура,GREEN,100.0,2026-09-21T12:00:00+00:00,11,17,11–17 h,6,GEFS | ICON-EU EPS,31,40,EXPERIMENTAL / NOT CALIBRATED,100.0,100.0,0.0,0.0,0.0,0.0,0.0,0.0,0.0,0.0,164,Komenda,Komenda
165,Kostel,Kostel,Kostel,2026-09-21,3,2026-09-18T00:00:00+00:00,20.3,19.8,20.0,100.0,0.0,0.0,0.0,0.0,below_30,Уобичајена температура,GREEN,100.0,2026-09-21T12:00:00+00:00,11,17,11–17 h,6,GEFS | ICON-EU EPS,31,40,EXPERIMENTAL / NOT CALIBRATED,100.0,100.0,0.0,0.0,0.0,0.0,0.0,0.0,0.0,0.0,165,Kostel,Kostel
166,Križevci,Križevci,Križevci,2026-09-21,3,2026-09-18T00:00:00+00:00,20.6,21.0,20.8,100.0,0.0,0.0,0.0,0.0,below_30,Уобичајена температура,GREEN,100.0,2026-09-21T12:00:00+00:00,11,17,11–17 h,6,GEFS | ICON-EU EPS,31,40,EXPERIMENTAL / NOT CALIBRATED,100.0,100.0,0.0,0.0,0.0,0.0,0.0,0.0,0.0,0.0,166,Križevci,Križevci
167,Lovrenc na Pohorju,Lovrenc na Pohorju,Lovrenc na Pohorju,2026-09-21,3,2026-09-18T00:00:00+00:00,20.4,17.6,19.0,100.0,0.0,0.0,0.0,0.0,below_30,Уобичајена температура,GREEN,100.0,2026-09-21T12:00:00+00:00,11,17,11–17 h,6,GEFS | ICON-EU EPS,31,40,EXPERIMENTAL / NOT CALIBRATED,100.0,100.0,0.0,0.0,0.0,0.0,0.0,0.0,0.0,0.0,167,Lovrenc na Pohorju,Lovrenc na Pohorju
168,Markovci,Markovci,Markovci,2026-09-21,3,2026-09-18T00:00:00+00:00,20.6,19.9,20.2,100.0,0.0,0.0,0.0,0.0,below_30,Уобичајена температура,GREEN,100.0,2026-09-21T12:00:00+00:00,11,17,11–17 h,6,GEFS | ICON-EU EPS,31,40,EXPERIMENTAL / NOT CALIBRATED,100.0,100.0,0.0,0.0,0.0,0.0,0.0,0.0,0.0,0.0,168,Markovci,Markovci
169,Miklavž na Dravskem polju,Miklavž na Dravskem polju,Miklavž na Dravskem polju,2026-09-21,3,2026-09-18T00:00:00+00:00,20.9,20.0,20.5,100.0,0.0,0.0,0.0,0.0,below_30,Уобичајена температура,GREEN,100.0,2026-09-21T12:00:00+00:00,11,17,11–17 h,6,GEFS | ICON-EU EPS,31,40,EXPERIMENTAL / NOT CALIBRATED,100.0,100.0,0.0,0.0,0.0,0.0,0.0,0.0,0.0,0.0,169,Miklavž na Dravskem polju,Miklavž na Dravskem polju
170,Mirna Peč,Mirna Peč,Mirna Peč,2026-09-21,3,2026-09-18T00:00:00+00:00,20.5,20.6,20.5,100.0,0.0,0.0,0.0,0.0,below_30,Уобичајена температура,GREEN,100.0,2026-09-21T12:00:00+00:00,11,17,11–17 h,6,GEFS | ICON-EU EPS,31,40,EXPERIMENTAL / NOT CALIBRATED,100.0,100.0,0.0,0.0,0.0,0.0,0.0,0.0,0.0,0.0,170,Mirna Peč,Mirna Peč
171,Oplotnica,Oplotnica,Oplotnica,2026-09-21,3,2026-09-18T00:00:00+00:00,20.4,17.5,18.9,100.0,0.0,0.0,0.0,0.0,below_30,Уобичајена температура,GREEN,100.0,2026-09-21T12:00:00+00:00,11,17,11–17 h,6,GEFS | ICON-EU EPS,31,40,EXPERIMENTAL / NOT CALIBRATED,100.0,100.0,0.0,0.0,0.0,0.0,0.0,0.0,0.0,0.0,171,Oplotnica,Oplotnica
172,Podlehnik,Podlehnik,Podlehnik,2026-09-21,3,2026-09-18T00:00:00+00:00,21.1,19.4,20.2,100.0,0.0,0.0,0.0,0.0,below_30,Уобичајена температура,GREEN,100.0,2026-09-21T12:00:00+00:00,11,17,11–17 h,6,GEFS | ICON-EU EPS,31,40,EXPERIMENTAL / NOT CALIBRATED,100.0,100.0,0.0,0.0,0.0,0.0,0.0,0.0,0.0,0.0,172,Podlehnik,Podlehnik
173,Polzela,Polzela,Polzela,2026-09-21,3,2026-09-18T00:00:00+00:00,19.9,19.4,19.6,100.0,0.0,0.0,0.0,0.0,below_30,Уобичајена температура,GREEN,100.0,2026-09-21T12:00:00+00:00,11,17,11–17 h,6,GEFS | ICON-EU EPS,31,40,EXPERIMENTAL / NOT CALIBRATED,100.0,100.0,0.0,0.0,0.0,0.0,0.0,0.0,0.0,0.0,173,Polzela,Polzela
174,Prebold,Prebold,Prebold,2026-09-21,3,2026-09-18T00:00:00+00:00,19.9,18.9,19.4,100.0,0.0,0.0,0.0,0.0,below_30,Уобичајена температура,GREEN,100.0,2026-09-21T12:00:00+00:00,11,17,11–17 h,6,GEFS | ICON-EU EPS,31,40,EXPERIMENTAL / NOT CALIBRATED,100.0,100.0,0.0,0.0,0.0,0.0,0.0,0.0,0.0,0.0,174,Prebold,Prebold
175,Prevalje,Prevalje,Prevalje,2026-09-21,3,2026-09-18T00:00:00+00:00,20.0,20.5,20.2,100.0,0.0,0.0,0.0,0.0,below_30,Уобичајена температура,GREEN,100.0,2026-09-21T12:00:00+00:00,11,17,11–17 h,6,GEFS | ICON-EU EPS,31,40,EXPERIMENTAL / NOT CALIBRATED,100.0,100.0,0.0,0.0,0.0,0.0,0.0,0.0,0.0,0.0,175,Prevalje,Prevalje
176,Razkrižje,Razkrižje,Razkrižje,2026-09-21,3,2026-09-18T00:00:00+00:00,21.1,21.0,21.1,100.0,0.0,0.0,0.0,0.0,below_30,Уобичајена температура,GREEN,100.0,2026-09-21T12:00:00+00:00,11,17,11–17 h,6,GEFS | ICON-EU EPS,31,40,EXPERIMENTAL / NOT CALIBRATED,100.0,100.0,0.0,0.0,0.0,0.0,0.0,0.0,0.0,0.0,176,Razkrižje,Razkrižje
177,Ribnica na Pohorju,Ribnica na Pohorju,Ribnica na Pohorju,2026-09-21,3,2026-09-18T00:00:00+00:00,19.9,17.1,18.5,100.0,0.0,0.0,0.0,0.0,below_30,Уобичајена температура,GREEN,100.0,2026-09-21T12:00:00+00:00,11,17,11–17 h,6,GEFS | ICON-EU EPS,31,40,EXPERIMENTAL / NOT CALIBRATED,100.0,100.0,0.0,0.0,0.0,0.0,0.0,0.0,0.0,0.0,177,Ribnica na Pohorju,Ribnica na Pohorju
178,Selnica ob Dravi,Selnica ob Dravi,Selnica ob Dravi,2026-09-21,3,2026-09-18T00:00:00+00:00,20.4,17.6,19.0,100.0,0.0,0.0,0.0,0.0,below_30,Уобичајена температура,GREEN,100.0,2026-09-21T12:00:00+00:00,11,17,11–17 h,6,GEFS | ICON-EU EPS,31,40,EXPERIMENTAL / NOT CALIBRATED,100.0,100.0,0.0,0.0,0.0,0.0,0.0,0.0,0.0,0.0,178,Selnica ob Dravi,Selnica ob Dravi
179,Sodražica,Sodražica,Sodražica,2026-09-21,3,2026-09-18T00:00:00+00:00,20.6,18.5,19.6,100.0,0.0,0.0,0.0,0.0,below_30,Уобичајена температура,GREEN,100.0,2026-09-21T12:00:00+00:00,11,17,11–17 h,6,GEFS | ICON-EU EPS,31,40,EXPERIMENTAL / NOT CALIBRATED,100.0,100.0,0.0,0.0,0.0,0.0,0.0,0.0,0.0,0.0,179,Sodražica,Sodražica
180,Solčava,Solčava,Solčava,2026-09-21,3,2026-09-18T00:00:00+00:00,20.6,18.0,19.3,100.0,0.0,0.0,0.0,0.0,below_30,Уобичајена температура,GREEN,100.0,2026-09-21T12:00:00+00:00,11,17,11–17 h,6,GEFS | ICON-EU EPS,31,40,EXPERIMENTAL / NOT CALIBRATED,100.0,100.0,0.0,0.0,0.0,0.0,0.0,0.0,0.0,0.0,180,Solčava,Solčava
181,Sveta Ana,Sveta Ana,Sveta Ana,2026-09-21,3,2026-09-18T00:00:00+00:00,21.6,19.9,20.8,100.0,0.0,0.0,0.0,0.0,below_30,Уобичајена температура,GREEN,100.0,2026-09-21T12:00:00+00:00,11,17,11–17 h,6,GEFS | ICON-EU EPS,31,40,EXPERIMENTAL / NOT CALIBRATED,100.0,100.0,0.0,0.0,0.0,0.0,0.0,0.0,0.0,0.0,181,Sveta Ana,Sveta Ana
182,Sveti Andraž v Slov. goricah,Sveti Andraž v Slov. goricah,Sveti Andraž v Slov. goricah,2026-09-21,3,2026-09-18T00:00:00+00:00,20.6,19.7,20.1,100.0,0.0,0.0,0.0,0.0,below_30,Уобичајена температура,GREEN,100.0,2026-09-21T12:00:00+00:00,11,17,11–17 h,6,GEFS | ICON-EU EPS,31,40,EXPERIMENTAL / NOT CALIBRATED,100.0,100.0,0.0,0.0,0.0,0.0,0.0,0.0,0.0,0.0,182,Sveti Andraž v Slov. goricah,Sveti Andraž v Slov. goricah
183,Šempeter-Vrtojba,Šempeter-Vrtojba,Šempeter-Vrtojba,2026-09-21,3,2026-09-18T00:00:00+00:00,24.1,25.2,24.6,100.0,0.0,0.0,0.0,0.0,below_30,Уобичајена температура,GREEN,100.0,2026-09-21T12:00:00+00:00,11,17,11–17 h,6,GEFS | ICON-EU EPS,31,40,EXPERIMENTAL / NOT CALIBRATED,100.0,100.0,0.0,0.0,0.0,0.0,0.0,0.0,0.0,0.0,183,Šempeter-Vrtojba,Šempeter-Vrtojba
184,Tabor,Tabor,Tabor,2026-09-21,3,2026-09-18T00:00:00+00:00,19.9,19.4,19.6,100.0,0.0,0.0,0.0,0.0,below_30,Уобичајена температура,GREEN,100.0,2026-09-21T12:00:00+00:00,11,17,11–17 h,6,GEFS | ICON-EU EPS,31,40,EXPERIMENTAL / NOT CALIBRATED,100.0,100.0,0.0,0.0,0.0,0.0,0.0,0.0,0.0,0.0,184,Tabor,Tabor
185,Trnovska vas,Trnovska vas,Trnovska vas,2026-09-21,3,2026-09-18T00:00:00+00:00,20.6,19.7,20.1,100.0,0.0,0.0,0.0,0.0,below_30,Уобичајена температура,GREEN,100.0,2026-09-21T12:00:00+00:00,11,17,11–17 h,6,GEFS | ICON-EU EPS,31,40,EXPERIMENTAL / NOT CALIBRATED,100.0,100.0,0.0,0.0,0.0,0.0,0.0,0.0,0.0,0.0,185,Trnovska vas,Trnovska vas
186,Trzin,Trzin,Trzin,2026-09-21,3,2026-09-18T00:00:00+00:00,20.3,19.9,20.1,100.0,0.0,0.0,0.0,0.0,below_30,Уобичајена температура,GREEN,100.0,2026-09-21T12:00:00+00:00,11,17,11–17 h,6,GEFS | ICON-EU EPS,31,40,EXPERIMENTAL / NOT CALIBRATED,100.0,100.0,0.0,0.0,0.0,0.0,0.0,0.0,0.0,0.0,186,Trzin,Trzin
187,Velika Polana,Velika Polana,Velika Polana,2026-09-21,3,2026-09-18T00:00:00+00:00,21.1,21.4,21.3,100.0,0.0,0.0,0.0,0.0,below_30,Уобичајена температура,GREEN,100.0,2026-09-21T12:00:00+00:00,11,17,11–17 h,6,GEFS | ICON-EU EPS,31,40,EXPERIMENTAL / NOT CALIBRATED,100.0,100.0,0.0,0.0,0.0,0.0,0.0,0.0,0.0,0.0,187,Velika Polana,Velika Polana
188,Veržej,Veržej,Veržej,2026-09-21,3,2026-09-18T00:00:00+00:00,21.1,21.0,21.1,100.0,0.0,0.0,0.0,0.0,below_30,Уобичајена температура,GREEN,100.0,2026-09-21T12:00:00+00:00,11,17,11–17 h,6,GEFS | ICON-EU EPS,31,40,EXPERIMENTAL / NOT CALIBRATED,100.0,100.0,0.0,0.0,0.0,0.0,0.0,0.0,0.0,0.0,188,Veržej,Veržej
189,Vransko,Vransko,Vransko,2026-09-21,3,2026-09-18T00:00:00+00:00,19.9,17.9,18.9,100.0,0.0,0.0,0.0,0.0,below_30,Уобичајена температура,GREEN,100.0,2026-09-21T12:00:00+00:00,11,17,11–17 h,6,GEFS | ICON-EU EPS,31,40,EXPERIMENTAL / NOT CALIBRATED,100.0,100.0,0.0,0.0,0.0,0.0,0.0,0.0,0.0,0.0,189,Vransko,Vransko
190,Žalec,Žalec,Žalec,2026-09-21,3,2026-09-18T00:00:00+00:00,20.2,18.9,19.6,100.0,0.0,0.0,0.0,0.0,below_30,Уобичајена температура,GREEN,100.0,2026-09-21T12:00:00+00:00,11,17,11–17 h,6,GEFS | ICON-EU EPS,31,40,EXPERIMENTAL / NOT CALIBRATED,100.0,100.0,0.0,0.0,0.0,0.0,0.0,0.0,0.0,0.0,190,Žalec,Žalec
191,Žetale,Žetale,Žetale,2026-09-21,3,2026-09-18T00:00:00+00:00,21.1,19.4,20.2,100.0,0.0,0.0,0.0,0.0,below_30,Уобичајена температура,GREEN,100.0,2026-09-21T12:00:00+00:00,11,17,11–17 h,6,GEFS | ICON-EU EPS,31,40,EXPERIMENTAL / NOT CALIBRATED,100.0,100.0,0.0,0.0,0.0,0.0,0.0,0.0,0.0,0.0,191,Žetale,Žetale
192,Žirovnica,Žirovnica,Žirovnica,2026-09-21,3,2026-09-18T00:00:00+00:00,20.7,19.2,20.0,100.0,0.0,0.0,0.0,0.0,below_30,Уобичајена температура,GREEN,100.0,2026-09-21T12:00:00+00:00,11,17,11–17 h,6,GEFS | ICON-EU EPS,31,40,EXPERIMENTAL / NOT CALIBRATED,100.0,100.0,0.0,0.0,0.0,0.0,0.0,0.0,0.0,0.0,192,Žirovnica,Žirovnica
193,Žužemberk,Žužemberk,Žužemberk,2026-09-21,3,2026-09-18T00:00:00+00:00,20.5,20.0,20.2,100.0,0.0,0.0,0.0,0.0,below_30,Уобичајена температура,GREEN,100.0,2026-09-21T12:00:00+00:00,11,17,11–17 h,6,GEFS | ICON-EU EPS,31,40,EXPERIMENTAL / NOT CALIBRATED,100.0,100.0,0.0,0.0,0.0,0.0,0.0,0.0,0.0,0.0,193,Žužemberk,Žužemberk
194,Šmartno pri Litiji,Šmartno pri Litiji,Šmartno pri Litiji,2026-09-21,3,2026-09-18T00:00:00+00:00,20.5,19.9,20.2,100.0,0.0,0.0,0.0,0.0,below_30,Уобичајена температура,GREEN,100.0,2026-09-21T12:00:00+00:00,11,17,11–17 h,6,GEFS | ICON-EU EPS,31,40,EXPERIMENTAL / NOT CALIBRATED,100.0,100.0,0.0,0.0,0.0,0.0,0.0,0.0,0.0,0.0,194,Šmartno pri Litiji,Šmartno pri Litiji
195,Apače,Apače,Apače,2026-09-21,3,2026-09-18T00:00:00+00:00,21.6,19.9,20.8,100.0,0.0,0.0,0.0,0.0,below_30,Уобичајена температура,GREEN,100.0,2026-09-21T12:00:00+00:00,11,17,11–17 h,6,GEFS | ICON-EU EPS,31,40,EXPERIMENTAL / NOT CALIBRATED,100.0,100.0,0.0,0.0,0.0,0.0,0.0,0.0,0.0,0.0,195,Apače,Apače
196,Cirkulane,Cirkulane,Cirkulane,2026-09-21,3,2026-09-18T00:00:00+00:00,21.3,19.7,20.5,100.0,0.0,0.0,0.0,0.0,below_30,Уобичајена температура,GREEN,100.0,2026-09-21T12:00:00+00:00,11,17,11–17 h,6,GEFS | ICON-EU EPS,31,40,EXPERIMENTAL / NOT CALIBRATED,100.0,100.0,0.0,0.0,0.0,0.0,0.0,0.0,0.0,0.0,196,Cirkulane,Cirkulane
197,Kostanjevica na Krki,Kostanjevica na Krki,Kostanjevica na Krki,2026-09-21,3,2026-09-18T00:00:00+00:00,21.2,21.0,21.1,100.0,0.0,0.0,0.0,0.0,below_30,Уобичајена температура,GREEN,100.0,2026-09-21T12:00:00+00:00,11,17,11–17 h,6,GEFS | ICON-EU EPS,31,40,EXPERIMENTAL / NOT CALIBRATED,100.0,100.0,0.0,0.0,0.0,0.0,0.0,0.0,0.0,0.0,197,Kostanjevica na Krki,Kostanjevica na Krki
198,Makole,Makole,Makole,2026-09-21,3,2026-09-18T00:00:00+00:00,21.1,20.2,20.6,100.0,0.0,0.0,0.0,0.0,below_30,Уобичајена температура,GREEN,100.0,2026-09-21T12:00:00+00:00,11,17,11–17 h,6,GEFS | ICON-EU EPS,31,40,EXPERIMENTAL / NOT CALIBRATED,100.0,100.0,0.0,0.0,0.0,0.0,0.0,0.0,0.0,0.0,198,Makole,Makole
199,Mokronog-Trebelno,Mokronog-Trebelno,Mokronog-Trebelno,2026-09-21,3,2026-09-18T00:00:00+00:00,20.6,20.4,20.5,100.0,0.0,0.0,0.0,0.0,below_30,Уобичајена температура,GREEN,100.0,2026-09-21T12:00:00+00:00,11,17,11–17 h,6,GEFS | ICON-EU EPS,31,40,EXPERIMENTAL / NOT CALIBRATED,100.0,100.0,0.0,0.0,0.0,0.0,0.0,0.0,0.0,0.0,199,Mokronog-Trebelno,Mokronog-Trebelno
200,Poljčane,Poljčane,Poljčane,2026-09-21,3,2026-09-18T00:00:00+00:00,20.7,19.5,20.1,100.0,0.0,0.0,0.0,0.0,below_30,Уобичајена температура,GREEN,100.0,2026-09-21T12:00:00+00:00,11,17,11–17 h,6,GEFS | ICON-EU EPS,31,40,EXPERIMENTAL / NOT CALIBRATED,100.0,100.0,0.0,0.0,0.0,0.0,0.0,0.0,0.0,0.0,200,Poljčane,Poljčane
201,Renče-Vogrsko,Renče-Vogrsko,Renče-Vogrsko,2026-09-21,3,2026-09-18T00:00:00+00:00,24.1,25.2,24.6,100.0,0.0,0.0,0.0,0.0,below_30,Уобичајена температура,GREEN,100.0,2026-09-21T12:00:00+00:00,11,17,11–17 h,6,GEFS | ICON-EU EPS,31,40,EXPERIMENTAL / NOT CALIBRATED,100.0,100.0,0.0,0.0,0.0,0.0,0.0,0.0,0.0,0.0,201,Renče-Vogrsko,Renče-Vogrsko
202,Središče ob Dravi,Središče ob Dravi,Središče ob Dravi,2026-09-21,3,2026-09-18T00:00:00+00:00,21.1,20.4,20.8,100.0,0.0,0.0,0.0,0.0,below_30,Уобичајена температура,GREEN,100.0,2026-09-21T12:00:00+00:00,11,17,11–17 h,6,GEFS | ICON-EU EPS,31,40,EXPERIMENTAL / NOT CALIBRATED,100.0,100.0,0.0,0.0,0.0,0.0,0.0,0.0,0.0,0.0,202,Središče ob Dravi,Središče ob Dravi
203,Straža,Straža,Straža,2026-09-21,3,2026-09-18T00:00:00+00:00,20.5,19.8,20.1,100.0,0.0,0.0,0.0,0.0,below_30,Уобичајена температура,GREEN,100.0,2026-09-21T12:00:00+00:00,11,17,11–17 h,6,GEFS | ICON-EU EPS,31,40,EXPERIMENTAL / NOT CALIBRATED,100.0,100.0,0.0,0.0,0.0,0.0,0.0,0.0,0.0,0.0,203,Straža,Straža
204,Sveta Trojica v Slovenskih goricah,Sveta Trojica v Slovenskih goricah,Sveta Trojica v Slovenskih goricah,2026-09-21,3,2026-09-18T00:00:00+00:00,20.6,20.1,20.3,100.0,0.0,0.0,0.0,0.0,below_30,Уобичајена температура,GREEN,100.0,2026-09-21T12:00:00+00:00,11,17,11–17 h,6,GEFS | ICON-EU EPS,31,40,EXPERIMENTAL / NOT CALIBRATED,100.0,100.0,0.0,0.0,0.0,0.0,0.0,0.0,0.0,0.0,204,Sveta Trojica v Slovenskih goricah,Sveta Trojica v Slovenskih goricah
205,Sveti Tomaž,Sveti Tomaž,Sveti Tomaž,2026-09-21,3,2026-09-18T00:00:00+00:00,20.6,20.1,20.3,100.0,0.0,0.0,0.0,0.0,below_30,Уобичајена температура,GREEN,100.0,2026-09-21T12:00:00+00:00,11,17,11–17 h,6,GEFS | ICON-EU EPS,31,40,EXPERIMENTAL / NOT CALIBRATED,100.0,100.0,0.0,0.0,0.0,0.0,0.0,0.0,0.0,0.0,205,Sveti Tomaž,Sveti Tomaž
206,Šmarješke Toplice,Šmarješke Toplice,Šmarješke Toplice,2026-09-21,3,2026-09-18T00:00:00+00:00,20.6,21.0,20.8,100.0,0.0,0.0,0.0,0.0,below_30,Уобичајена температура,GREEN,100.0,2026-09-21T12:00:00+00:00,11,17,11–17 h,6,GEFS | ICON-EU EPS,31,40,EXPERIMENTAL / NOT CALIBRATED,100.0,100.0,0.0,0.0,0.0,0.0,0.0,0.0,0.0,0.0,206,Šmarješke Toplice,Šmarješke Toplice
207,Gorje,Gorje,Gorje,2026-09-21,3,2026-09-18T00:00:00+00:00,20.0,17.8,18.9,100.0,0.0,0.0,0.0,0.0,below_30,Уобичајена температура,GREEN,100.0,2026-09-21T12:00:00+00:00,11,17,11–17 h,6,GEFS | ICON-EU EPS,31,40,EXPERIMENTAL / NOT CALIBRATED,100.0,100.0,0.0,0.0,0.0,0.0,0.0,0.0,0.0,0.0,207,Gorje,Gorje
208,Log-Dragomer,Log-Dragomer,Log-Dragomer,2026-09-21,3,2026-09-18T00:00:00+00:00,21.8,20.8,21.3,100.0,0.0,0.0,0.0,0.0,below_30,Уобичајена температура,GREEN,100.0,2026-09-21T12:00:00+00:00,11,17,11–17 h,6,GEFS | ICON-EU EPS,31,40,EXPERIMENTAL / NOT CALIBRATED,100.0,100.0,0.0,0.0,0.0,0.0,0.0,0.0,0.0,0.0,208,Log-Dragomer,Log-Dragomer
209,Rečica ob Savinji,Rečica ob Savinji,Rečica ob Savinji,2026-09-21,3,2026-09-18T00:00:00+00:00,19.9,17.9,18.9,100.0,0.0,0.0,0.0,0.0,below_30,Уобичајена температура,GREEN,100.0,2026-09-21T12:00:00+00:00,11,17,11–17 h,6,GEFS | ICON-EU EPS,31,40,EXPERIMENTAL / NOT CALIBRATED,100.0,100.0,0.0,0.0,0.0,0.0,0.0,0.0,0.0,0.0,209,Rečica ob Savinji,Rečica ob Savinji
210,Sveti Jurij v Slovenskih goricah,Sveti Jurij v Slovenskih goricah,Sveti Jurij v Slovenskih goricah,2026-09-21,3,2026-09-18T00:00:00+00:00,20.9,19.9,20.4,100.0,0.0,0.0,0.0,0.0,below_30,Уобичајена температура,GREEN,100.0,2026-09-21T12:00:00+00:00,11,17,11–17 h,6,GEFS | ICON-EU EPS,31,40,EXPERIMENTAL / NOT CALIBRATED,100.0,100.0,0.0,0.0,0.0,0.0,0.0,0.0,0.0,0.0,210,Sveti Jurij v Slovenskih goricah,Sveti Jurij v Slovenskih goricah
211,Šentrupert,Šentrupert,Šentrupert,2026-09-21,3,2026-09-18T00:00:00+00:00,20.5,20.4,20.4,100.0,0.0,0.0,0.0,0.0,below_30,Уобичајена температура,GREEN,100.0,2026-09-21T12:00:00+00:00,11,17,11–17 h,6,GEFS | ICON-EU EPS,31,40,EXPERIMENTAL / NOT CALIBRATED,100.0,100.0,0.0,0.0,0.0,0.0,0.0,0.0,0.0,0.0,211,Šentrupert,Šentrupert
212,Mirna,Mirna,Mirna,2026-09-21,3,2026-09-18T00:00:00+00:00,20.5,20.6,20.5,100.0,0.0,0.0,0.0,0.0,below_30,Уобичајена температура,GREEN,100.0,2026-09-21T12:00:00+00:00,11,17,11–17 h,6,GEFS | ICON-EU EPS,31,40,EXPERIMENTAL / NOT CALIBRATED,100.0,100.0,0.0,0.0,0.0,0.0,0.0,0.0,0.0,0.0,212,Mirna,Mirna
213,Ankaran,Ankaran,Ankaran,2026-09-21,3,2026-09-18T00:00:00+00:00,26.1,26.8,26.4,100.0,0.0,0.0,0.0,0.0,below_30,Уобичајена температура,GREEN,100.0,2026-09-21T12:00:00+00:00,11,17,11–17 h,6,GEFS | ICON-EU EPS,31,40,EXPERIMENTAL / NOT CALIBRATED,100.0,100.0,0.0,0.0,0.0,0.0,0.0,0.0,0.0,0.0,213,Ankaran,Ankaran
