Municipality_DOM_ID,Value_e,Value_sl,Value_sc,date,day_index,model_run,gefs_tmax,icon_tmax,multimodel_tmax,p_below_30,p_30_35,p_35_38,p_38_40,p_ge_40,dominant_category,temperature_category_sr,temperature_color,dominant_category_probability,warmest_valid_time,warmest_period_start_local,warmest_period_end_local,warmest_period_local,warmest_period_resolution_hours,models,gefs_members,icon_members,status,gefs_p_below_30,icon_p_below_30,gefs_p_30_35,icon_p_30_35,gefs_p_35_38,icon_p_35_38,gefs_p_38_40,icon_p_38_40,gefs_p_ge_40,icon_p_ge_40
80012,ADA,ADA,АДА,2026-09-21,3,2026-09-18T00:00:00+00:00,24.4,22.2,23.3,100.0,0.0,0.0,0.0,0.0,below_30,Уобичајена температура,GREEN,100.0,2026-09-21T12:00:00+00:00,11,17,11–17 h,6,GEFS | ICON-EU EPS,31,40,EXPERIMENTAL / NOT CALIBRATED,100.0,100.0,0.0,0.0,0.0,0.0,0.0,0.0,0.0,0.0
80209,KIKINDA,KIKINDA,КИКИНДА,2026-09-21,3,2026-09-18T00:00:00+00:00,24.6,22.9,23.7,100.0,0.0,0.0,0.0,0.0,below_30,Уобичајена температура,GREEN,100.0,2026-09-21T12:00:00+00:00,11,17,11–17 h,6,GEFS | ICON-EU EPS,31,40,EXPERIMENTAL / NOT CALIBRATED,100.0,100.0,0.0,0.0,0.0,0.0,0.0,0.0,0.0,0.0
80365,SENTA,SENTA,СЕНТА,2026-09-21,3,2026-09-18T00:00:00+00:00,24.1,22.4,23.2,100.0,0.0,0.0,0.0,0.0,below_30,Уобичајена температура,GREEN,100.0,2026-09-21T12:00:00+00:00,11,17,11–17 h,6,GEFS | ICON-EU EPS,31,40,EXPERIMENTAL / NOT CALIBRATED,100.0,100.0,0.0,0.0,0.0,0.0,0.0,0.0,0.0,0.0
80489,ČOKA,ČOKA,ЧОКА,2026-09-21,3,2026-09-18T00:00:00+00:00,24.5,22.8,23.6,100.0,0.0,0.0,0.0,0.0,below_30,Уобичајена температура,GREEN,100.0,2026-09-21T12:00:00+00:00,11,17,11–17 h,6,GEFS | ICON-EU EPS,31,40,EXPERIMENTAL / NOT CALIBRATED,100.0,100.0,0.0,0.0,0.0,0.0,0.0,0.0,0.0,0.0
80276,NOVI KNEŽEVAC,NOVI KNEŽEVAC,НОВИ КНЕЖЕВАЦ,2026-09-21,3,2026-09-18T00:00:00+00:00,24.5,23.1,23.8,100.0,0.0,0.0,0.0,0.0,below_30,Уобичајена температура,GREEN,100.0,2026-09-21T12:00:00+00:00,11,17,11–17 h,6,GEFS | ICON-EU EPS,31,40,EXPERIMENTAL / NOT CALIBRATED,100.0,100.0,0.0,0.0,0.0,0.0,0.0,0.0,0.0,0.0
80195,KANJIŽA,KANJIŽA,КАЊИЖА,2026-09-21,3,2026-09-18T00:00:00+00:00,24.1,22.9,23.5,100.0,0.0,0.0,0.0,0.0,below_30,Уобичајена температура,GREEN,100.0,2026-09-21T12:00:00+00:00,11,17,11–17 h,6,GEFS | ICON-EU EPS,31,40,EXPERIMENTAL / NOT CALIBRATED,100.0,100.0,0.0,0.0,0.0,0.0,0.0,0.0,0.0,0.0
70521,ŽABARI,ŽABARI,ЖАБАРИ,2026-09-21,3,2026-09-18T00:00:00+00:00,25.5,23.5,24.5,100.0,0.0,0.0,0.0,0.0,below_30,Уобичајена температура,GREEN,100.0,2026-09-21T12:00:00+00:00,11,17,11–17 h,6,GEFS | ICON-EU EPS,31,40,EXPERIMENTAL / NOT CALIBRATED,100.0,100.0,0.0,0.0,0.0,0.0,0.0,0.0,0.0,0.0
70530,ŽAGUBICA,ŽAGUBICA,ЖАГУБИЦА,2026-09-21,3,2026-09-18T00:00:00+00:00,22.2,21.0,21.6,100.0,0.0,0.0,0.0,0.0,below_30,Уобичајена температура,GREEN,100.0,2026-09-21T12:00:00+00:00,11,17,11–17 h,6,GEFS | ICON-EU EPS,31,40,EXPERIMENTAL / NOT CALIBRATED,100.0,100.0,0.0,0.0,0.0,0.0,0.0,0.0,0.0,0.0
70912,PETROVAC NA MLAVI,PETROVAC NA MLAVI,ПЕТРОВАЦ НА МЛАВИ,2026-09-21,3,2026-09-18T00:00:00+00:00,23.7,22.6,23.1,100.0,0.0,0.0,0.0,0.0,below_30,Уобичајена температура,GREEN,100.0,2026-09-21T12:00:00+00:00,11,17,11–17 h,6,GEFS | ICON-EU EPS,31,40,EXPERIMENTAL / NOT CALIBRATED,100.0,100.0,0.0,0.0,0.0,0.0,0.0,0.0,0.0,0.0
70696,KUČEVO,KUČEVO,КУЧЕВО,2026-09-21,3,2026-09-18T00:00:00+00:00,23.2,21.7,22.5,100.0,0.0,0.0,0.0,0.0,below_30,Уобичајена температура,GREEN,100.0,2026-09-21T12:00:00+00:00,11,17,11–17 h,6,GEFS | ICON-EU EPS,31,40,EXPERIMENTAL / NOT CALIBRATED,100.0,100.0,0.0,0.0,0.0,0.0,0.0,0.0,0.0,0.0
70807,MALO CRNIĆE,MALO CRNIĆE,МАЛО ЦРНИЋЕ,2026-09-21,3,2026-09-18T00:00:00+00:00,25.5,23.4,24.4,100.0,0.0,0.0,0.0,0.0,below_30,Уобичајена температура,GREEN,100.0,2026-09-21T12:00:00+00:00,11,17,11–17 h,6,GEFS | ICON-EU EPS,31,40,EXPERIMENTAL / NOT CALIBRATED,100.0,100.0,0.0,0.0,0.0,0.0,0.0,0.0,0.0,0.0
70475,GOLUBAC,GOLUBAC,ГОЛУБАЦ,2026-09-21,3,2026-09-18T00:00:00+00:00,23.5,22.0,22.8,100.0,0.0,0.0,0.0,0.0,below_30,Уобичајена температура,GREEN,100.0,2026-09-21T12:00:00+00:00,11,17,11–17 h,6,GEFS | ICON-EU EPS,31,40,EXPERIMENTAL / NOT CALIBRATED,100.0,100.0,0.0,0.0,0.0,0.0,0.0,0.0,0.0,0.0
70947,POŽAREVAC-GRAD,POŽAREVAC-GRAD,ПОЖАРЕВАЦ-ГРАД,2026-09-21,3,2026-09-18T00:00:00+00:00,25.6,23.8,24.7,100.0,0.0,0.0,0.0,0.0,below_30,Уобичајена температура,GREEN,100.0,2026-09-21T12:00:00+00:00,11,17,11–17 h,6,GEFS | ICON-EU EPS,31,40,EXPERIMENTAL / NOT CALIBRATED,100.0,100.0,0.0,0.0,0.0,0.0,0.0,0.0,0.0,0.0
70394,VELIKO GRADIŠTE,VELIKO GRADIŠTE,ВЕЛИКО ГРАДИШТЕ,2026-09-21,3,2026-09-18T00:00:00+00:00,24.9,23.0,23.9,100.0,0.0,0.0,0.0,0.0,below_30,Уобичајена температура,GREEN,100.0,2026-09-21T12:00:00+00:00,11,17,11–17 h,6,GEFS | ICON-EU EPS,31,40,EXPERIMENTAL / NOT CALIBRATED,100.0,100.0,0.0,0.0,0.0,0.0,0.0,0.0,0.0,0.0
70602,KNJAŽEVAC,KNJAŽEVAC,КЊАЖЕВАЦ,2026-09-21,3,2026-09-18T00:00:00+00:00,24.4,23.8,24.1,100.0,0.0,0.0,0.0,0.0,below_30,Уобичајена температура,GREEN,100.0,2026-09-21T12:00:00+00:00,11,17,11–17 h,6,GEFS | ICON-EU EPS,31,40,EXPERIMENTAL / NOT CALIBRATED,100.0,100.0,0.0,0.0,0.0,0.0,0.0,0.0,0.0,0.0
71129,SOKOBANJA,SOKOBANJA,СОКОБАЊА,2026-09-21,3,2026-09-18T00:00:00+00:00,24.3,22.0,23.1,100.0,0.0,0.0,0.0,0.0,below_30,Уобичајена температура,GREEN,100.0,2026-09-21T12:00:00+00:00,11,17,11–17 h,6,GEFS | ICON-EU EPS,31,40,EXPERIMENTAL / NOT CALIBRATED,100.0,100.0,0.0,0.0,0.0,0.0,0.0,0.0,0.0,0.0
70319,BOLJEVAC,BOLJEVAC,БОЉЕВАЦ,2026-09-21,3,2026-09-18T00:00:00+00:00,24.3,22.3,23.3,100.0,0.0,0.0,0.0,0.0,below_30,Уобичајена температура,GREEN,100.0,2026-09-21T12:00:00+00:00,11,17,11–17 h,6,GEFS | ICON-EU EPS,31,40,EXPERIMENTAL / NOT CALIBRATED,100.0,100.0,0.0,0.0,0.0,0.0,0.0,0.0,0.0,0.0
70556,ZAJEČAR-GRAD,ZAJEČAR-GRAD,ЗАЈЕЧАР-ГРАД,2026-09-21,3,2026-09-18T00:00:00+00:00,25.6,25.0,25.3,100.0,0.0,0.0,0.0,0.0,below_30,Уобичајена температура,GREEN,100.0,2026-09-21T12:00:00+00:00,11,17,11–17 h,6,GEFS | ICON-EU EPS,31,40,EXPERIMENTAL / NOT CALIBRATED,100.0,100.0,0.0,0.0,0.0,0.0,0.0,0.0,0.0,0.0
70327,BOR,BOR,БОР,2026-09-21,3,2026-09-18T00:00:00+00:00,23.6,23.1,23.3,100.0,0.0,0.0,0.0,0.0,below_30,Уобичајена температура,GREEN,100.0,2026-09-21T12:00:00+00:00,11,17,11–17 h,6,GEFS | ICON-EU EPS,31,40,EXPERIMENTAL / NOT CALIBRATED,100.0,100.0,0.0,0.0,0.0,0.0,0.0,0.0,0.0,0.0
70840,NEGOTIN,NEGOTIN,НЕГОТИН,2026-09-21,3,2026-09-18T00:00:00+00:00,27.0,24.0,25.5,98.4,1.6,0.0,0.0,0.0,below_30,Уобичајена температура,GREEN,98.4,2026-09-21T12:00:00+00:00,11,17,11–17 h,6,GEFS | ICON-EU EPS,31,40,EXPERIMENTAL / NOT CALIBRATED,96.8,100.0,3.2,0.0,0.0,0.0,0.0,0.0,0.0,0.0
70785,MAJDANPEK,MAJDANPEK,МАЈДАНПЕК,2026-09-21,3,2026-09-18T00:00:00+00:00,23.2,21.7,22.5,100.0,0.0,0.0,0.0,0.0,below_30,Уобичајена температура,GREEN,100.0,2026-09-21T12:00:00+00:00,11,17,11–17 h,6,GEFS | ICON-EU EPS,31,40,EXPERIMENTAL / NOT CALIBRATED,100.0,100.0,0.0,0.0,0.0,0.0,0.0,0.0,0.0,0.0
70572,KLADOVO,KLADOVO,КЛАДОВО,2026-09-21,3,2026-09-18T00:00:00+00:00,25.9,25.0,25.4,100.0,0.0,0.0,0.0,0.0,below_30,Уобичајена температура,GREEN,100.0,2026-09-21T12:00:00+00:00,11,17,11–17 h,6,GEFS | ICON-EU EPS,31,40,EXPERIMENTAL / NOT CALIBRATED,100.0,100.0,0.0,0.0,0.0,0.0,0.0,0.0,0.0,0.0
80225,KOVIN,KOVIN,КОВИН,2026-09-21,3,2026-09-18T00:00:00+00:00,25.6,23.7,24.6,100.0,0.0,0.0,0.0,0.0,below_30,Уобичајена температура,GREEN,100.0,2026-09-21T12:00:00+00:00,11,17,11–17 h,6,GEFS | ICON-EU EPS,31,40,EXPERIMENTAL / NOT CALIBRATED,100.0,100.0,0.0,0.0,0.0,0.0,0.0,0.0,0.0,0.0
80098,BELA CRKVA,BELA CRKVA,БЕЛА ЦРКВА,2026-09-21,3,2026-09-18T00:00:00+00:00,25.4,23.3,24.3,100.0,0.0,0.0,0.0,0.0,below_30,Уобичајена температура,GREEN,100.0,2026-09-21T12:00:00+00:00,11,17,11–17 h,6,GEFS | ICON-EU EPS,31,40,EXPERIMENTAL / NOT CALIBRATED,100.0,100.0,0.0,0.0,0.0,0.0,0.0,0.0,0.0,0.0
80292,OPOVO,OPOVO,ОПОВО,2026-09-21,3,2026-09-18T00:00:00+00:00,25.1,23.0,24.1,100.0,0.0,0.0,0.0,0.0,below_30,Уобичајена температура,GREEN,100.0,2026-09-21T12:00:00+00:00,11,17,11–17 h,6,GEFS | ICON-EU EPS,31,40,EXPERIMENTAL / NOT CALIBRATED,100.0,100.0,0.0,0.0,0.0,0.0,0.0,0.0,0.0,0.0
80217,KOVAČICA,KOVAČICA,КОВАЧИЦА,2026-09-21,3,2026-09-18T00:00:00+00:00,25.4,22.9,24.1,100.0,0.0,0.0,0.0,0.0,below_30,Уобичајена температура,GREEN,100.0,2026-09-21T12:00:00+00:00,11,17,11–17 h,6,GEFS | ICON-EU EPS,31,40,EXPERIMENTAL / NOT CALIBRATED,100.0,100.0,0.0,0.0,0.0,0.0,0.0,0.0,0.0,0.0
80128,VRŠAC,VRŠAC,ВРШАЦ,2026-09-21,3,2026-09-18T00:00:00+00:00,25.4,23.2,24.3,100.0,0.0,0.0,0.0,0.0,below_30,Уобичајена температура,GREEN,100.0,2026-09-21T12:00:00+00:00,11,17,11–17 h,6,GEFS | ICON-EU EPS,31,40,EXPERIMENTAL / NOT CALIBRATED,100.0,100.0,0.0,0.0,0.0,0.0,0.0,0.0,0.0,0.0
80039,ALIBUNAR,ALIBUNAR,АЛИБУНАР,2026-09-21,3,2026-09-18T00:00:00+00:00,25.5,22.9,24.2,100.0,0.0,0.0,0.0,0.0,below_30,Уобичајена температура,GREEN,100.0,2026-09-21T12:00:00+00:00,11,17,11–17 h,6,GEFS | ICON-EU EPS,31,40,EXPERIMENTAL / NOT CALIBRATED,100.0,100.0,0.0,0.0,0.0,0.0,0.0,0.0,0.0,0.0
80349,PLANDIŠTE,PLANDIŠTE,ПЛАНДИШТЕ,2026-09-21,3,2026-09-18T00:00:00+00:00,25.1,23.1,24.1,100.0,0.0,0.0,0.0,0.0,below_30,Уобичајена температура,GREEN,100.0,2026-09-21T12:00:00+00:00,11,17,11–17 h,6,GEFS | ICON-EU EPS,31,40,EXPERIMENTAL / NOT CALIBRATED,100.0,100.0,0.0,0.0,0.0,0.0,0.0,0.0,0.0,0.0
80314,PANČEVO-GRAD,PANČEVO-GRAD,ПАНЧЕВО-ГРАД,2026-09-21,3,2026-09-18T00:00:00+00:00,24.9,23.1,24.0,100.0,0.0,0.0,0.0,0.0,below_30,Уобичајена температура,GREEN,100.0,2026-09-21T12:00:00+00:00,11,17,11–17 h,6,GEFS | ICON-EU EPS,31,40,EXPERIMENTAL / NOT CALIBRATED,100.0,100.0,0.0,0.0,0.0,0.0,0.0,0.0,0.0,0.0
71269,ŠABAC-GRAD,ŠABAC-GRAD,ШАБАЦ-ГРАД,2026-09-21,3,2026-09-18T00:00:00+00:00,24.5,22.0,23.2,100.0,0.0,0.0,0.0,0.0,below_30,Уобичајена температура,GREEN,100.0,2026-09-21T12:00:00+00:00,11,17,11–17 h,6,GEFS | ICON-EU EPS,31,40,EXPERIMENTAL / NOT CALIBRATED,100.0,100.0,0.0,0.0,0.0,0.0,0.0,0.0,0.0,0.0
70289,BOGATIĆ,BOGATIĆ,БОГАТИЋ,2026-09-21,3,2026-09-18T00:00:00+00:00,24.5,21.9,23.2,100.0,0.0,0.0,0.0,0.0,below_30,Уобичајена температура,GREEN,100.0,2026-09-21T12:00:00+00:00,11,17,11–17 h,6,GEFS | ICON-EU EPS,31,40,EXPERIMENTAL / NOT CALIBRATED,100.0,100.0,0.0,0.0,0.0,0.0,0.0,0.0,0.0,0.0
70777,LJUBOVIJA,LJUBOVIJA,ЉУБОВИЈА,2026-09-21,3,2026-09-18T00:00:00+00:00,22.1,21.0,21.6,100.0,0.0,0.0,0.0,0.0,below_30,Уобичајена температура,GREEN,100.0,2026-09-21T12:00:00+00:00,11,17,11–17 h,6,GEFS | ICON-EU EPS,31,40,EXPERIMENTAL / NOT CALIBRATED,100.0,100.0,0.0,0.0,0.0,0.0,0.0,0.0,0.0,0.0
70661,KRUPANJ,KRUPANJ,КРУПАЊ,2026-09-21,3,2026-09-18T00:00:00+00:00,23.9,19.6,21.7,100.0,0.0,0.0,0.0,0.0,below_30,Уобичајена температура,GREEN,100.0,2026-09-21T12:00:00+00:00,11,17,11–17 h,6,GEFS | ICON-EU EPS,31,40,EXPERIMENTAL / NOT CALIBRATED,100.0,100.0,0.0,0.0,0.0,0.0,0.0,0.0,0.0,0.0
70793,MALI ZVORNIK,MALI ZVORNIK,МАЛИ ЗВОРНИК,2026-09-21,3,2026-09-18T00:00:00+00:00,22.2,20.8,21.5,100.0,0.0,0.0,0.0,0.0,below_30,Уобичајена температура,GREEN,100.0,2026-09-21T12:00:00+00:00,11,17,11–17 h,6,GEFS | ICON-EU EPS,31,40,EXPERIMENTAL / NOT CALIBRATED,100.0,100.0,0.0,0.0,0.0,0.0,0.0,0.0,0.0,0.0
70637,KOCELJEVA,KOCELJEVA,КОЦЕЉЕВА,2026-09-21,3,2026-09-18T00:00:00+00:00,24.1,21.6,22.9,100.0,0.0,0.0,0.0,0.0,below_30,Уобичајена температура,GREEN,100.0,2026-09-21T12:00:00+00:00,11,17,11–17 h,6,GEFS | ICON-EU EPS,31,40,EXPERIMENTAL / NOT CALIBRATED,100.0,100.0,0.0,0.0,0.0,0.0,0.0,0.0,0.0,0.0
70734,LOZNICA-GRAD,LOZNICA-GRAD,ЛОЗНИЦА-ГРАД,2026-09-21,3,2026-09-18T00:00:00+00:00,23.6,21.2,22.4,100.0,0.0,0.0,0.0,0.0,below_30,Уобичајена температура,GREEN,100.0,2026-09-21T12:00:00+00:00,11,17,11–17 h,6,GEFS | ICON-EU EPS,31,40,EXPERIMENTAL / NOT CALIBRATED,100.0,100.0,0.0,0.0,0.0,0.0,0.0,0.0,0.0,0.0
70408,VLADIMIRCI,VLADIMIRCI,ВЛАДИМИРЦИ,2026-09-21,3,2026-09-18T00:00:00+00:00,24.1,22.4,23.3,100.0,0.0,0.0,0.0,0.0,below_30,Уобичајена температура,GREEN,100.0,2026-09-21T12:00:00+00:00,11,17,11–17 h,6,GEFS | ICON-EU EPS,31,40,EXPERIMENTAL / NOT CALIBRATED,100.0,100.0,0.0,0.0,0.0,0.0,0.0,0.0,0.0,0.0
70181,BEOGRAD-NOVI BEOGRAD,BEOGRAD-NOVI BEOGRAD,БЕОГРАД-НОВИ БЕОГРАД,2026-09-21,3,2026-09-18T00:00:00+00:00,25.0,22.8,23.9,100.0,0.0,0.0,0.0,0.0,below_30,Уобичајена температура,GREEN,100.0,2026-09-21T12:00:00+00:00,11,17,11–17 h,6,GEFS | ICON-EU EPS,31,40,EXPERIMENTAL / NOT CALIBRATED,100.0,100.0,0.0,0.0,0.0,0.0,0.0,0.0,0.0,0.0
71293,BEOGRAD-SURČIN,BEOGRAD-SURČIN,БЕОГРАД-СУРЧИН,2026-09-21,3,2026-09-18T00:00:00+00:00,25.0,23.0,24.0,100.0,0.0,0.0,0.0,0.0,below_30,Уобичајена температура,GREEN,100.0,2026-09-21T12:00:00+00:00,11,17,11–17 h,6,GEFS | ICON-EU EPS,31,40,EXPERIMENTAL / NOT CALIBRATED,100.0,100.0,0.0,0.0,0.0,0.0,0.0,0.0,0.0,0.0
70157,BEOGRAD-ZEMUN,BEOGRAD-ZEMUN,БЕОГРАД-ЗЕМУН,2026-09-21,3,2026-09-18T00:00:00+00:00,25.0,22.9,23.9,100.0,0.0,0.0,0.0,0.0,below_30,Уобичајена температура,GREEN,100.0,2026-09-21T12:00:00+00:00,11,17,11–17 h,6,GEFS | ICON-EU EPS,31,40,EXPERIMENTAL / NOT CALIBRATED,100.0,100.0,0.0,0.0,0.0,0.0,0.0,0.0,0.0,0.0
70203,BEOGRAD-PALILULA,BEOGRAD-PALILULA,БЕОГРАД-ПАЛИЛУЛА,2026-09-21,3,2026-09-18T00:00:00+00:00,25.1,23.0,24.1,100.0,0.0,0.0,0.0,0.0,below_30,Уобичајена температура,GREEN,100.0,2026-09-21T12:00:00+00:00,11,17,11–17 h,6,GEFS | ICON-EU EPS,31,40,EXPERIMENTAL / NOT CALIBRATED,100.0,100.0,0.0,0.0,0.0,0.0,0.0,0.0,0.0,0.0
70173,BEOGRAD-MLADENOVAC,BEOGRAD-MLADENOVAC,БЕОГРАД-МЛАДЕНОВАЦ,2026-09-21,3,2026-09-18T00:00:00+00:00,25.2,22.9,24.1,100.0,0.0,0.0,0.0,0.0,below_30,Уобичајена температура,GREEN,100.0,2026-09-21T12:00:00+00:00,11,17,11–17 h,6,GEFS | ICON-EU EPS,31,40,EXPERIMENTAL / NOT CALIBRATED,100.0,100.0,0.0,0.0,0.0,0.0,0.0,0.0,0.0,0.0
70165,BEOGRAD-LAZAREVAC,BEOGRAD-LAZAREVAC,БЕОГРАД-ЛАЗАРЕВАЦ,2026-09-21,3,2026-09-18T00:00:00+00:00,24.9,22.2,23.6,100.0,0.0,0.0,0.0,0.0,below_30,Уобичајена температура,GREEN,100.0,2026-09-21T12:00:00+00:00,11,17,11–17 h,6,GEFS | ICON-EU EPS,31,40,EXPERIMENTAL / NOT CALIBRATED,100.0,100.0,0.0,0.0,0.0,0.0,0.0,0.0,0.0,0.0
70092,BEOGRAD-BARAJEVO,BEOGRAD-BARAJEVO,БЕОГРАД-БАРАЈЕВО,2026-09-21,3,2026-09-18T00:00:00+00:00,25.1,22.5,23.8,100.0,0.0,0.0,0.0,0.0,below_30,Уобичајена температура,GREEN,100.0,2026-09-21T12:00:00+00:00,11,17,11–17 h,6,GEFS | ICON-EU EPS,31,40,EXPERIMENTAL / NOT CALIBRATED,100.0,100.0,0.0,0.0,0.0,0.0,0.0,0.0,0.0,0.0
70190,BEOGRAD-OBRENOVAC,BEOGRAD-OBRENOVAC,БЕОГРАД-ОБРЕНОВАЦ,2026-09-21,3,2026-09-18T00:00:00+00:00,24.9,22.7,23.8,100.0,0.0,0.0,0.0,0.0,below_30,Уобичајена температура,GREEN,100.0,2026-09-21T12:00:00+00:00,11,17,11–17 h,6,GEFS | ICON-EU EPS,31,40,EXPERIMENTAL / NOT CALIBRATED,100.0,100.0,0.0,0.0,0.0,0.0,0.0,0.0,0.0,0.0
70211,BEOGRAD-RAKOVICA,BEOGRAD-RAKOVICA,БЕОГРАД-РАКОВИЦА,2026-09-21,3,2026-09-18T00:00:00+00:00,25.0,22.5,23.7,100.0,0.0,0.0,0.0,0.0,below_30,Уобичајена температура,GREEN,100.0,2026-09-21T12:00:00+00:00,11,17,11–17 h,6,GEFS | ICON-EU EPS,31,40,EXPERIMENTAL / NOT CALIBRATED,100.0,100.0,0.0,0.0,0.0,0.0,0.0,0.0,0.0,0.0
70106,BEOGRAD-VOŽDOVAC,BEOGRAD-VOŽDOVAC,БЕОГРАД-ВОЖДОВАЦ,2026-09-21,3,2026-09-18T00:00:00+00:00,25.0,22.3,23.6,100.0,0.0,0.0,0.0,0.0,below_30,Уобичајена температура,GREEN,100.0,2026-09-21T12:00:00+00:00,11,17,11–17 h,6,GEFS | ICON-EU EPS,31,40,EXPERIMENTAL / NOT CALIBRATED,100.0,100.0,0.0,0.0,0.0,0.0,0.0,0.0,0.0,0.0
70254,BEOGRAD-ČUKARICA,BEOGRAD-ČUKARICA,БЕОГРАД-ЧУКАРИЦА,2026-09-21,3,2026-09-18T00:00:00+00:00,25.0,22.5,23.7,100.0,0.0,0.0,0.0,0.0,below_30,Уобичајена температура,GREEN,100.0,2026-09-21T12:00:00+00:00,11,17,11–17 h,6,GEFS | ICON-EU EPS,31,40,EXPERIMENTAL / NOT CALIBRATED,100.0,100.0,0.0,0.0,0.0,0.0,0.0,0.0,0.0,0.0
70114,BEOGRAD-VRAČAR,BEOGRAD-VRAČAR,БЕОГРАД-ВРАЧАР,2026-09-21,3,2026-09-18T00:00:00+00:00,25.0,22.7,23.8,100.0,0.0,0.0,0.0,0.0,below_30,Уобичајена температура,GREEN,100.0,2026-09-21T12:00:00+00:00,11,17,11–17 h,6,GEFS | ICON-EU EPS,31,40,EXPERIMENTAL / NOT CALIBRATED,100.0,100.0,0.0,0.0,0.0,0.0,0.0,0.0,0.0,0.0
70149,BEOGRAD-ZVEZDARA,BEOGRAD-ZVEZDARA,БЕОГРАД-ЗВЕЗДАРА,2026-09-21,3,2026-09-18T00:00:00+00:00,25.0,22.7,23.8,100.0,0.0,0.0,0.0,0.0,below_30,Уобичајена температура,GREEN,100.0,2026-09-21T12:00:00+00:00,11,17,11–17 h,6,GEFS | ICON-EU EPS,31,40,EXPERIMENTAL / NOT CALIBRATED,100.0,100.0,0.0,0.0,0.0,0.0,0.0,0.0,0.0,0.0
70220,BEOGRAD-SAVSKI VENAC,BEOGRAD-SAVSKI VENAC,БЕОГРАД-САВСКИ ВЕНАЦ,2026-09-21,3,2026-09-18T00:00:00+00:00,25.0,22.8,23.9,100.0,0.0,0.0,0.0,0.0,below_30,Уобичајена температура,GREEN,100.0,2026-09-21T12:00:00+00:00,11,17,11–17 h,6,GEFS | ICON-EU EPS,31,40,EXPERIMENTAL / NOT CALIBRATED,100.0,100.0,0.0,0.0,0.0,0.0,0.0,0.0,0.0,0.0
70246,BEOGRAD-STARI GRAD,BEOGRAD-STARI GRAD,БЕОГРАД-СТАРИ ГРАД,2026-09-21,3,2026-09-18T00:00:00+00:00,25.0,22.7,23.8,100.0,0.0,0.0,0.0,0.0,below_30,Уобичајена температура,GREEN,100.0,2026-09-21T12:00:00+00:00,11,17,11–17 h,6,GEFS | ICON-EU EPS,31,40,EXPERIMENTAL / NOT CALIBRATED,100.0,100.0,0.0,0.0,0.0,0.0,0.0,0.0,0.0,0.0
70238,BEOGRAD-SOPOT,BEOGRAD-SOPOT,БЕОГРАД-СОПОТ,2026-09-21,3,2026-09-18T00:00:00+00:00,25.1,22.3,23.7,100.0,0.0,0.0,0.0,0.0,below_30,Уобичајена температура,GREEN,100.0,2026-09-21T12:00:00+00:00,11,17,11–17 h,6,GEFS | ICON-EU EPS,31,40,EXPERIMENTAL / NOT CALIBRATED,100.0,100.0,0.0,0.0,0.0,0.0,0.0,0.0,0.0,0.0
70122,BEOGRAD-GROCKA,BEOGRAD-GROCKA,БЕОГРАД-ГРОЦКА,2026-09-21,3,2026-09-18T00:00:00+00:00,24.9,22.6,23.7,100.0,0.0,0.0,0.0,0.0,below_30,Уобичајена температура,GREEN,100.0,2026-09-21T12:00:00+00:00,11,17,11–17 h,6,GEFS | ICON-EU EPS,31,40,EXPERIMENTAL / NOT CALIBRATED,100.0,100.0,0.0,0.0,0.0,0.0,0.0,0.0,0.0,0.0
70769,LJIG,LJIG,ЉИГ,2026-09-21,3,2026-09-18T00:00:00+00:00,23.2,22.2,22.7,100.0,0.0,0.0,0.0,0.0,below_30,Уобичајена температура,GREEN,100.0,2026-09-21T12:00:00+00:00,11,17,11–17 h,6,GEFS | ICON-EU EPS,31,40,EXPERIMENTAL / NOT CALIBRATED,100.0,100.0,0.0,0.0,0.0,0.0,0.0,0.0,0.0,0.0
70831,MIONICA,MIONICA,МИОНИЦА,2026-09-21,3,2026-09-18T00:00:00+00:00,23.1,21.3,22.2,100.0,0.0,0.0,0.0,0.0,below_30,Уобичајена температура,GREEN,100.0,2026-09-21T12:00:00+00:00,11,17,11–17 h,6,GEFS | ICON-EU EPS,31,40,EXPERIMENTAL / NOT CALIBRATED,100.0,100.0,0.0,0.0,0.0,0.0,0.0,0.0,0.0,0.0
70360,VALJEVO-GRAD,VALJEVO-GRAD,ВАЉЕВО-ГРАД,2026-09-21,3,2026-09-18T00:00:00+00:00,22.6,20.8,21.7,100.0,0.0,0.0,0.0,0.0,below_30,Уобичајена температура,GREEN,100.0,2026-09-21T12:00:00+00:00,11,17,11–17 h,6,GEFS | ICON-EU EPS,31,40,EXPERIMENTAL / NOT CALIBRATED,100.0,100.0,0.0,0.0,0.0,0.0,0.0,0.0,0.0,0.0
70882,OSEČINA,OSEČINA,ОСЕЧИНА,2026-09-21,3,2026-09-18T00:00:00+00:00,22.1,20.7,21.4,100.0,0.0,0.0,0.0,0.0,below_30,Уобичајена температура,GREEN,100.0,2026-09-21T12:00:00+00:00,11,17,11–17 h,6,GEFS | ICON-EU EPS,31,40,EXPERIMENTAL / NOT CALIBRATED,100.0,100.0,0.0,0.0,0.0,0.0,0.0,0.0,0.0,0.0
70700,LAJKOVAC,LAJKOVAC,ЛАЈКОВАЦ,2026-09-21,3,2026-09-18T00:00:00+00:00,23.2,22.8,23.0,100.0,0.0,0.0,0.0,0.0,below_30,Уобичајена температура,GREEN,100.0,2026-09-21T12:00:00+00:00,11,17,11–17 h,6,GEFS | ICON-EU EPS,31,40,EXPERIMENTAL / NOT CALIBRATED,100.0,100.0,0.0,0.0,0.0,0.0,0.0,0.0,0.0,0.0
71218,UB,UB,УБ,2026-09-21,3,2026-09-18T00:00:00+00:00,24.3,22.5,23.4,100.0,0.0,0.0,0.0,0.0,below_30,Уобичајена температура,GREEN,100.0,2026-09-21T12:00:00+00:00,11,17,11–17 h,6,GEFS | ICON-EU EPS,31,40,EXPERIMENTAL / NOT CALIBRATED,100.0,100.0,0.0,0.0,0.0,0.0,0.0,0.0,0.0,0.0
80152,ZRENJANIN-GRAD,ZRENJANIN-GRAD,ЗРЕЊАНИН-ГРАД,2026-09-21,3,2026-09-18T00:00:00+00:00,24.7,22.8,23.7,100.0,0.0,0.0,0.0,0.0,below_30,Уобичајена температура,GREEN,100.0,2026-09-21T12:00:00+00:00,11,17,11–17 h,6,GEFS | ICON-EU EPS,31,40,EXPERIMENTAL / NOT CALIBRATED,100.0,100.0,0.0,0.0,0.0,0.0,0.0,0.0,0.0,0.0
80373,SEČANJ,SEČANJ,СЕЧАЊ,2026-09-21,3,2026-09-18T00:00:00+00:00,24.9,22.8,23.8,100.0,0.0,0.0,0.0,0.0,below_30,Уобичајена температура,GREEN,100.0,2026-09-21T12:00:00+00:00,11,17,11–17 h,6,GEFS | ICON-EU EPS,31,40,EXPERIMENTAL / NOT CALIBRATED,100.0,100.0,0.0,0.0,0.0,0.0,0.0,0.0,0.0,0.0
80144,ŽITIŠTE,ŽITIŠTE,ЖИТИШТЕ,2026-09-21,3,2026-09-18T00:00:00+00:00,24.5,22.7,23.6,100.0,0.0,0.0,0.0,0.0,below_30,Уобичајена температура,GREEN,100.0,2026-09-21T12:00:00+00:00,11,17,11–17 h,6,GEFS | ICON-EU EPS,31,40,EXPERIMENTAL / NOT CALIBRATED,100.0,100.0,0.0,0.0,0.0,0.0,0.0,0.0,0.0,0.0
80268,NOVI BEČEJ,NOVI BEČEJ,НОВИ БЕЧЕЈ,2026-09-21,3,2026-09-18T00:00:00+00:00,24.6,22.3,23.4,100.0,0.0,0.0,0.0,0.0,below_30,Уобичајена температура,GREEN,100.0,2026-09-21T12:00:00+00:00,11,17,11–17 h,6,GEFS | ICON-EU EPS,31,40,EXPERIMENTAL / NOT CALIBRATED,100.0,100.0,0.0,0.0,0.0,0.0,0.0,0.0,0.0,0.0
80250,NOVA CRNJA,NOVA CRNJA,НОВА ЦРЊА,2026-09-21,3,2026-09-18T00:00:00+00:00,24.6,22.7,23.6,100.0,0.0,0.0,0.0,0.0,below_30,Уобичајена температура,GREEN,100.0,2026-09-21T12:00:00+00:00,11,17,11–17 h,6,GEFS | ICON-EU EPS,31,40,EXPERIMENTAL / NOT CALIBRATED,100.0,100.0,0.0,0.0,0.0,0.0,0.0,0.0,0.0,0.0
80322,PEĆINCI,PEĆINCI,ПЕЋИНЦИ,2026-09-21,3,2026-09-18T00:00:00+00:00,25.0,22.9,23.9,100.0,0.0,0.0,0.0,0.0,below_30,Уобичајена температура,GREEN,100.0,2026-09-21T12:00:00+00:00,11,17,11–17 h,6,GEFS | ICON-EU EPS,31,40,EXPERIMENTAL / NOT CALIBRATED,100.0,100.0,0.0,0.0,0.0,0.0,0.0,0.0,0.0,0.0
80187,IRIG,IRIG,ИРИГ,2026-09-21,3,2026-09-18T00:00:00+00:00,24.6,21.8,23.2,100.0,0.0,0.0,0.0,0.0,below_30,Уобичајена температура,GREEN,100.0,2026-09-21T12:00:00+00:00,11,17,11–17 h,6,GEFS | ICON-EU EPS,31,40,EXPERIMENTAL / NOT CALIBRATED,100.0,100.0,0.0,0.0,0.0,0.0,0.0,0.0,0.0,0.0
80420,STARA PAZOVA,STARA PAZOVA,СТАРА ПАЗОВА,2026-09-21,3,2026-09-18T00:00:00+00:00,25.0,22.8,23.9,100.0,0.0,0.0,0.0,0.0,below_30,Уобичајена температура,GREEN,100.0,2026-09-21T12:00:00+00:00,11,17,11–17 h,6,GEFS | ICON-EU EPS,31,40,EXPERIMENTAL / NOT CALIBRATED,100.0,100.0,0.0,0.0,0.0,0.0,0.0,0.0,0.0,0.0
80357,RUMA,RUMA,РУМА,2026-09-21,3,2026-09-18T00:00:00+00:00,24.6,22.5,23.5,100.0,0.0,0.0,0.0,0.0,below_30,Уобичајена температура,GREEN,100.0,2026-09-21T12:00:00+00:00,11,17,11–17 h,6,GEFS | ICON-EU EPS,31,40,EXPERIMENTAL / NOT CALIBRATED,100.0,100.0,0.0,0.0,0.0,0.0,0.0,0.0,0.0,0.0
80403,SREMSKA MITROVICA-GRAD,SREMSKA MITROVICA-GRAD,СРЕМСКА МИТРОВИЦА-ГРАД,2026-09-21,3,2026-09-18T00:00:00+00:00,24.2,21.9,23.0,100.0,0.0,0.0,0.0,0.0,below_30,Уобичајена температура,GREEN,100.0,2026-09-21T12:00:00+00:00,11,17,11–17 h,6,GEFS | ICON-EU EPS,31,40,EXPERIMENTAL / NOT CALIBRATED,100.0,100.0,0.0,0.0,0.0,0.0,0.0,0.0,0.0,0.0
80179,INĐIJA,INĐIJA,ИНЂИЈА,2026-09-21,3,2026-09-18T00:00:00+00:00,24.7,22.8,23.8,100.0,0.0,0.0,0.0,0.0,below_30,Уобичајена температура,GREEN,100.0,2026-09-21T12:00:00+00:00,11,17,11–17 h,6,GEFS | ICON-EU EPS,31,40,EXPERIMENTAL / NOT CALIBRATED,100.0,100.0,0.0,0.0,0.0,0.0,0.0,0.0,0.0,0.0
80497,ŠID,ŠID,ШИД,2026-09-21,3,2026-09-18T00:00:00+00:00,24.3,21.6,22.9,100.0,0.0,0.0,0.0,0.0,below_30,Уобичајена температура,GREEN,100.0,2026-09-21T12:00:00+00:00,11,17,11–17 h,6,GEFS | ICON-EU EPS,31,40,EXPERIMENTAL / NOT CALIBRATED,100.0,100.0,0.0,0.0,0.0,0.0,0.0,0.0,0.0,0.0
90336,GORA,GORA,ГОРА,2026-09-21,3,2026-09-18T00:00:00+00:00,21.9,16.4,19.1,100.0,0.0,0.0,0.0,0.0,below_30,Уобичајена температура,GREEN,100.0,2026-09-21T12:00:00+00:00,11,17,11–17 h,6,GEFS | ICON-EU EPS,31,40,EXPERIMENTAL / NOT CALIBRATED,100.0,100.0,0.0,0.0,0.0,0.0,0.0,0.0,0.0,0.0
90255,PRIZREN,PRIZREN,ПРИЗРЕН,2026-09-21,3,2026-09-18T00:00:00+00:00,25.1,20.9,23.0,100.0,0.0,0.0,0.0,0.0,below_30,Уобичајена температура,GREEN,100.0,2026-09-21T12:00:00+00:00,11,17,11–17 h,6,GEFS | ICON-EU EPS,31,40,EXPERIMENTAL / NOT CALIBRATED,100.0,100.0,0.0,0.0,0.0,0.0,0.0,0.0,0.0,0.0
90280,SUVA REKA,SUVA REKA,СУВА РЕКА,2026-09-21,3,2026-09-18T00:00:00+00:00,25.1,24.2,24.6,100.0,0.0,0.0,0.0,0.0,below_30,Уобичајена температура,GREEN,100.0,2026-09-21T12:00:00+00:00,11,17,11–17 h,6,GEFS | ICON-EU EPS,31,40,EXPERIMENTAL / NOT CALIBRATED,100.0,100.0,0.0,0.0,0.0,0.0,0.0,0.0,0.0,0.0
90212,ORAHOVAC,ORAHOVAC,ОРАХОВАЦ,2026-09-21,3,2026-09-18T00:00:00+00:00,27.4,26.4,26.9,100.0,0.0,0.0,0.0,0.0,below_30,Уобичајена температура,GREEN,100.0,2026-09-21T12:00:00+00:00,11,17,11–17 h,6,GEFS | ICON-EU EPS,31,40,EXPERIMENTAL / NOT CALIBRATED,100.0,100.0,0.0,0.0,0.0,0.0,0.0,0.0,0.0,0.0
70963,PREŠEVO,PREŠEVO,ПРЕШЕВО,2026-09-21,3,2026-09-18T00:00:00+00:00,26.9,23.5,25.2,100.0,0.0,0.0,0.0,0.0,below_30,Уобичајена температура,GREEN,100.0,2026-09-21T12:00:00+00:00,11,17,11–17 h,6,GEFS | ICON-EU EPS,31,40,EXPERIMENTAL / NOT CALIBRATED,100.0,100.0,0.0,0.0,0.0,0.0,0.0,0.0,0.0,0.0
71161,TRGOVIŠTE,TRGOVIŠTE,ТРГОВИШТЕ,2026-09-21,3,2026-09-18T00:00:00+00:00,21.9,17.4,19.6,100.0,0.0,0.0,0.0,0.0,below_30,Уобичајена температура,GREEN,100.0,2026-09-21T12:00:00+00:00,11,17,11–17 h,6,GEFS | ICON-EU EPS,31,40,EXPERIMENTAL / NOT CALIBRATED,100.0,100.0,0.0,0.0,0.0,0.0,0.0,0.0,0.0,0.0
70335,BOSILEGRAD,BOSILEGRAD,БОСИЛЕГРАД,2026-09-21,3,2026-09-18T00:00:00+00:00,21.5,17.3,19.4,100.0,0.0,0.0,0.0,0.0,below_30,Уобичајена температура,GREEN,100.0,2026-09-21T12:00:00+00:00,11,17,11–17 h,6,GEFS | ICON-EU EPS,31,40,EXPERIMENTAL / NOT CALIBRATED,100.0,100.0,0.0,0.0,0.0,0.0,0.0,0.0,0.0,0.0
70432,VRANJE-GRAD,VRANJE-GRAD,ВРАЊЕ-ГРАД,2026-09-21,3,2026-09-18T00:00:00+00:00,24.0,21.4,22.7,100.0,0.0,0.0,0.0,0.0,below_30,Уобичајена температура,GREEN,100.0,2026-09-21T12:00:00+00:00,11,17,11–17 h,6,GEFS | ICON-EU EPS,31,40,EXPERIMENTAL / NOT CALIBRATED,100.0,100.0,0.0,0.0,0.0,0.0,0.0,0.0,0.0,0.0
71137,SURDULICA,SURDULICA,СУРДУЛИЦА,2026-09-21,3,2026-09-18T00:00:00+00:00,22.6,15.9,19.3,100.0,0.0,0.0,0.0,0.0,below_30,Уобичајена температура,GREEN,100.0,2026-09-21T12:00:00+00:00,11,17,11–17 h,6,GEFS | ICON-EU EPS,31,40,EXPERIMENTAL / NOT CALIBRATED,100.0,100.0,0.0,0.0,0.0,0.0,0.0,0.0,0.0,0.0
70416,VLADIČIN HAN,VLADIČIN HAN,ВЛАДИЧИН ХАН,2026-09-21,3,2026-09-18T00:00:00+00:00,24.1,21.1,22.6,100.0,0.0,0.0,0.0,0.0,below_30,Уобичајена температура,GREEN,100.0,2026-09-21T12:00:00+00:00,11,17,11–17 h,6,GEFS | ICON-EU EPS,31,40,EXPERIMENTAL / NOT CALIBRATED,100.0,100.0,0.0,0.0,0.0,0.0,0.0,0.0,0.0,0.0
70351,BUJANOVAC,BUJANOVAC,БУЈАНОВАЦ,2026-09-21,3,2026-09-18T00:00:00+00:00,25.5,23.6,24.6,100.0,0.0,0.0,0.0,0.0,below_30,Уобичајена температура,GREEN,100.0,2026-09-21T12:00:00+00:00,11,17,11–17 h,6,GEFS | ICON-EU EPS,31,40,EXPERIMENTAL / NOT CALIBRATED,100.0,100.0,0.0,0.0,0.0,0.0,0.0,0.0,0.0,0.0
71226,CRNA TRAVA,CRNA TRAVA,ЦРНА ТРАВА,2026-09-21,3,2026-09-18T00:00:00+00:00,22.6,16.7,19.7,100.0,0.0,0.0,0.0,0.0,below_30,Уобичајена температура,GREEN,100.0,2026-09-21T12:00:00+00:00,11,17,11–17 h,6,GEFS | ICON-EU EPS,31,40,EXPERIMENTAL / NOT CALIBRATED,100.0,100.0,0.0,0.0,0.0,0.0,0.0,0.0,0.0,0.0
70718,LEBANE,LEBANE,ЛЕБАНЕ,2026-09-21,3,2026-09-18T00:00:00+00:00,26.2,22.1,24.1,100.0,0.0,0.0,0.0,0.0,below_30,Уобичајена температура,GREEN,100.0,2026-09-21T12:00:00+00:00,11,17,11–17 h,6,GEFS | ICON-EU EPS,31,40,EXPERIMENTAL / NOT CALIBRATED,100.0,100.0,0.0,0.0,0.0,0.0,0.0,0.0,0.0,0.0
70815,MEDVEĐA,MEDVEĐA,МЕДВЕЂА,2026-09-21,3,2026-09-18T00:00:00+00:00,24.9,22.4,23.7,100.0,0.0,0.0,0.0,0.0,below_30,Уобичајена температура,GREEN,100.0,2026-09-21T12:00:00+00:00,11,17,11–17 h,6,GEFS | ICON-EU EPS,31,40,EXPERIMENTAL / NOT CALIBRATED,100.0,100.0,0.0,0.0,0.0,0.0,0.0,0.0,0.0,0.0
70424,VLASOTINCE,VLASOTINCE,ВЛАСОТИНЦЕ,2026-09-21,3,2026-09-18T00:00:00+00:00,24.6,19.5,22.0,100.0,0.0,0.0,0.0,0.0,below_30,Уобичајена температура,GREEN,100.0,2026-09-21T12:00:00+00:00,11,17,11–17 h,6,GEFS | ICON-EU EPS,31,40,EXPERIMENTAL / NOT CALIBRATED,100.0,100.0,0.0,0.0,0.0,0.0,0.0,0.0,0.0,0.0
70297,BOJNIK,BOJNIK,БОЈНИК,2026-09-21,3,2026-09-18T00:00:00+00:00,26.2,24.1,25.1,100.0,0.0,0.0,0.0,0.0,below_30,Уобичајена температура,GREEN,100.0,2026-09-21T12:00:00+00:00,11,17,11–17 h,6,GEFS | ICON-EU EPS,31,40,EXPERIMENTAL / NOT CALIBRATED,100.0,100.0,0.0,0.0,0.0,0.0,0.0,0.0,0.0,0.0
70726,LESKOVAC-GRAD,LESKOVAC-GRAD,ЛЕСКОВАЦ-ГРАД,2026-09-21,3,2026-09-18T00:00:00+00:00,26.0,24.4,25.2,100.0,0.0,0.0,0.0,0.0,below_30,Уобичајена температура,GREEN,100.0,2026-09-21T12:00:00+00:00,11,17,11–17 h,6,GEFS | ICON-EU EPS,31,40,EXPERIMENTAL / NOT CALIBRATED,100.0,100.0,0.0,0.0,0.0,0.0,0.0,0.0,0.0,0.0
71030,REKOVAC,REKOVAC,РЕКОВАЦ,2026-09-21,3,2026-09-18T00:00:00+00:00,24.0,22.0,23.0,100.0,0.0,0.0,0.0,0.0,below_30,Уобичајена температура,GREEN,100.0,2026-09-21T12:00:00+00:00,11,17,11–17 h,6,GEFS | ICON-EU EPS,31,40,EXPERIMENTAL / NOT CALIBRATED,100.0,100.0,0.0,0.0,0.0,0.0,0.0,0.0,0.0,0.0
70904,PARAĆIN,PARAĆIN,ПАРАЋИН,2026-09-21,3,2026-09-18T00:00:00+00:00,25.0,22.8,23.9,100.0,0.0,0.0,0.0,0.0,below_30,Уобичајена температура,GREEN,100.0,2026-09-21T12:00:00+00:00,11,17,11–17 h,6,GEFS | ICON-EU EPS,31,40,EXPERIMENTAL / NOT CALIBRATED,100.0,100.0,0.0,0.0,0.0,0.0,0.0,0.0,0.0,0.0
71200,ĆUPRIJA,ĆUPRIJA,ЋУПРИЈА,2026-09-21,3,2026-09-18T00:00:00+00:00,23.5,22.3,22.9,100.0,0.0,0.0,0.0,0.0,below_30,Уобичајена температура,GREEN,100.0,2026-09-21T12:00:00+00:00,11,17,11–17 h,6,GEFS | ICON-EU EPS,31,40,EXPERIMENTAL / NOT CALIBRATED,100.0,100.0,0.0,0.0,0.0,0.0,0.0,0.0,0.0,0.0
71048,JAGODINA-GRAD,JAGODINA-GRAD,ЈАГОДИНА-ГРАД,2026-09-21,3,2026-09-18T00:00:00+00:00,24.6,23.9,24.3,100.0,0.0,0.0,0.0,0.0,below_30,Уобичајена температура,GREEN,100.0,2026-09-21T12:00:00+00:00,11,17,11–17 h,6,GEFS | ICON-EU EPS,31,40,EXPERIMENTAL / NOT CALIBRATED,100.0,100.0,0.0,0.0,0.0,0.0,0.0,0.0,0.0,0.0
70491,DESPOTOVAC,DESPOTOVAC,ДЕСПОТОВАЦ,2026-09-21,3,2026-09-18T00:00:00+00:00,23.5,21.4,22.5,100.0,0.0,0.0,0.0,0.0,below_30,Уобичајена температура,GREEN,100.0,2026-09-21T12:00:00+00:00,11,17,11–17 h,6,GEFS | ICON-EU EPS,31,40,EXPERIMENTAL / NOT CALIBRATED,100.0,100.0,0.0,0.0,0.0,0.0,0.0,0.0,0.0,0.0
71056,SVILAJNAC,SVILAJNAC,СВИЛАЈНАЦ,2026-09-21,3,2026-09-18T00:00:00+00:00,25.1,23.5,24.3,100.0,0.0,0.0,0.0,0.0,below_30,Уобичајена температура,GREEN,100.0,2026-09-21T12:00:00+00:00,11,17,11–17 h,6,GEFS | ICON-EU EPS,31,40,EXPERIMENTAL / NOT CALIBRATED,100.0,100.0,0.0,0.0,0.0,0.0,0.0,0.0,0.0,0.0
70386,VELIKA PLANA,VELIKA PLANA,ВЕЛИКА ПЛАНА,2026-09-21,3,2026-09-18T00:00:00+00:00,25.4,23.8,24.6,100.0,0.0,0.0,0.0,0.0,below_30,Уобичајена температура,GREEN,100.0,2026-09-21T12:00:00+00:00,11,17,11–17 h,6,GEFS | ICON-EU EPS,31,40,EXPERIMENTAL / NOT CALIBRATED,100.0,100.0,0.0,0.0,0.0,0.0,0.0,0.0,0.0,0.0
71102,SMEDEREVSKA PALANKA,SMEDEREVSKA PALANKA,СМЕДЕРЕВСКА ПАЛАНКА,2026-09-21,3,2026-09-18T00:00:00+00:00,25.6,23.3,24.4,100.0,0.0,0.0,0.0,0.0,below_30,Уобичајена температура,GREEN,100.0,2026-09-21T12:00:00+00:00,11,17,11–17 h,6,GEFS | ICON-EU EPS,31,40,EXPERIMENTAL / NOT CALIBRATED,100.0,100.0,0.0,0.0,0.0,0.0,0.0,0.0,0.0,0.0
71099,SMEDEREVO-GRAD,SMEDEREVO-GRAD,СМЕДЕРЕВО-ГРАД,2026-09-21,3,2026-09-18T00:00:00+00:00,25.6,23.3,24.4,100.0,0.0,0.0,0.0,0.0,below_30,Уобичајена температура,GREEN,100.0,2026-09-21T12:00:00+00:00,11,17,11–17 h,6,GEFS | ICON-EU EPS,31,40,EXPERIMENTAL / NOT CALIBRATED,100.0,100.0,0.0,0.0,0.0,0.0,0.0,0.0,0.0,0.0
70343,BRUS,BRUS,БРУС,2026-09-21,3,2026-09-18T00:00:00+00:00,22.1,19.0,20.5,100.0,0.0,0.0,0.0,0.0,below_30,Уобичајена температура,GREEN,100.0,2026-09-21T12:00:00+00:00,11,17,11–17 h,6,GEFS | ICON-EU EPS,31,40,EXPERIMENTAL / NOT CALIBRATED,100.0,100.0,0.0,0.0,0.0,0.0,0.0,0.0,0.0,0.0
70017,ALEKSANDROVAC,ALEKSANDROVAC,АЛЕКСАНДРОВАЦ,2026-09-21,3,2026-09-18T00:00:00+00:00,22.5,19.0,20.8,100.0,0.0,0.0,0.0,0.0,below_30,Уобичајена температура,GREEN,100.0,2026-09-21T12:00:00+00:00,11,17,11–17 h,6,GEFS | ICON-EU EPS,31,40,EXPERIMENTAL / NOT CALIBRATED,100.0,100.0,0.0,0.0,0.0,0.0,0.0,0.0,0.0,0.0
70670,KRUŠEVAC-GRAD,KRUŠEVAC-GRAD,КРУШЕВАЦ-ГРАД,2026-09-21,3,2026-09-18T00:00:00+00:00,24.0,23.9,23.9,100.0,0.0,0.0,0.0,0.0,below_30,Уобичајена температура,GREEN,100.0,2026-09-21T12:00:00+00:00,11,17,11–17 h,6,GEFS | ICON-EU EPS,31,40,EXPERIMENTAL / NOT CALIBRATED,100.0,100.0,0.0,0.0,0.0,0.0,0.0,0.0,0.0,0.0
71170,TRSTENIK,TRSTENIK,ТРСТЕНИК,2026-09-21,3,2026-09-18T00:00:00+00:00,24.0,23.7,23.8,100.0,0.0,0.0,0.0,0.0,below_30,Уобичајена температура,GREEN,100.0,2026-09-21T12:00:00+00:00,11,17,11–17 h,6,GEFS | ICON-EU EPS,31,40,EXPERIMENTAL / NOT CALIBRATED,100.0,100.0,0.0,0.0,0.0,0.0,0.0,0.0,0.0,0.0
71196,ĆIĆEVAC,ĆIĆEVAC,ЋИЋЕВАЦ,2026-09-21,3,2026-09-18T00:00:00+00:00,25.0,24.0,24.5,100.0,0.0,0.0,0.0,0.0,below_30,Уобичајена температура,GREEN,100.0,2026-09-21T12:00:00+00:00,11,17,11–17 h,6,GEFS | ICON-EU EPS,31,40,EXPERIMENTAL / NOT CALIBRATED,100.0,100.0,0.0,0.0,0.0,0.0,0.0,0.0,0.0,0.0
70378,VARVARIN,VARVARIN,ВАРВАРИН,2026-09-21,3,2026-09-18T00:00:00+00:00,24.9,23.7,24.3,100.0,0.0,0.0,0.0,0.0,below_30,Уобичајена температура,GREEN,100.0,2026-09-21T12:00:00+00:00,11,17,11–17 h,6,GEFS | ICON-EU EPS,31,40,EXPERIMENTAL / NOT CALIBRATED,100.0,100.0,0.0,0.0,0.0,0.0,0.0,0.0,0.0,0.0
80241,MALI IĐOŠ,MALI IĐOŠ,МАЛИ ИЂОШ,2026-09-21,3,2026-09-18T00:00:00+00:00,24.1,22.0,23.0,100.0,0.0,0.0,0.0,0.0,below_30,Уобичајена температура,GREEN,100.0,2026-09-21T12:00:00+00:00,11,17,11–17 h,6,GEFS | ICON-EU EPS,31,40,EXPERIMENTAL / NOT CALIBRATED,100.0,100.0,0.0,0.0,0.0,0.0,0.0,0.0,0.0,0.0
80071,BAČKA TOPOLA,BAČKA TOPOLA,БАЧКА ТОПОЛА,2026-09-21,3,2026-09-18T00:00:00+00:00,23.8,22.1,22.9,100.0,0.0,0.0,0.0,0.0,below_30,Уобичајена температура,GREEN,100.0,2026-09-21T12:00:00+00:00,11,17,11–17 h,6,GEFS | ICON-EU EPS,31,40,EXPERIMENTAL / NOT CALIBRATED,100.0,100.0,0.0,0.0,0.0,0.0,0.0,0.0,0.0,0.0
80438,SUBOTICA-GRAD,SUBOTICA-GRAD,СУБОТИЦА-ГРАД,2026-09-21,3,2026-09-18T00:00:00+00:00,23.5,22.3,22.9,100.0,0.0,0.0,0.0,0.0,below_30,Уобичајена температура,GREEN,100.0,2026-09-21T12:00:00+00:00,11,17,11–17 h,6,GEFS | ICON-EU EPS,31,40,EXPERIMENTAL / NOT CALIBRATED,100.0,100.0,0.0,0.0,0.0,0.0,0.0,0.0,0.0,0.0
80306,ODŽACI,ODŽACI,ОЏАЦИ,2026-09-21,3,2026-09-18T00:00:00+00:00,23.7,22.0,22.9,100.0,0.0,0.0,0.0,0.0,below_30,Уобичајена температура,GREEN,100.0,2026-09-21T12:00:00+00:00,11,17,11–17 h,6,GEFS | ICON-EU EPS,31,40,EXPERIMENTAL / NOT CALIBRATED,100.0,100.0,0.0,0.0,0.0,0.0,0.0,0.0,0.0,0.0
80047,APATIN,APATIN,АПАТИН,2026-09-21,3,2026-09-18T00:00:00+00:00,23.1,21.9,22.5,100.0,0.0,0.0,0.0,0.0,below_30,Уобичајена температура,GREEN,100.0,2026-09-21T12:00:00+00:00,11,17,11–17 h,6,GEFS | ICON-EU EPS,31,40,EXPERIMENTAL / NOT CALIBRATED,100.0,100.0,0.0,0.0,0.0,0.0,0.0,0.0,0.0,0.0
80233,KULA,KULA,КУЛА,2026-09-21,3,2026-09-18T00:00:00+00:00,23.8,22.2,23.0,100.0,0.0,0.0,0.0,0.0,below_30,Уобичајена температура,GREEN,100.0,2026-09-21T12:00:00+00:00,11,17,11–17 h,6,GEFS | ICON-EU EPS,31,40,EXPERIMENTAL / NOT CALIBRATED,100.0,100.0,0.0,0.0,0.0,0.0,0.0,0.0,0.0,0.0
80381,SOMBOR-GRAD,SOMBOR-GRAD,СОМБОР-ГРАД,2026-09-21,3,2026-09-18T00:00:00+00:00,23.4,22.1,22.7,100.0,0.0,0.0,0.0,0.0,below_30,Уобичајена температура,GREEN,100.0,2026-09-21T12:00:00+00:00,11,17,11–17 h,6,GEFS | ICON-EU EPS,31,40,EXPERIMENTAL / NOT CALIBRATED,100.0,100.0,0.0,0.0,0.0,0.0,0.0,0.0,0.0,0.0
80063,BAČKA PALANKA,BAČKA PALANKA,БАЧКА ПАЛАНКА,2026-09-21,3,2026-09-18T00:00:00+00:00,23.4,22.1,22.7,100.0,0.0,0.0,0.0,0.0,below_30,Уобичајена температура,GREEN,100.0,2026-09-21T12:00:00+00:00,11,17,11–17 h,6,GEFS | ICON-EU EPS,31,40,EXPERIMENTAL / NOT CALIBRATED,100.0,100.0,0.0,0.0,0.0,0.0,0.0,0.0,0.0,0.0
80055,BAČ,BAČ,БАЧ,2026-09-21,3,2026-09-18T00:00:00+00:00,23.7,21.9,22.8,100.0,0.0,0.0,0.0,0.0,below_30,Уобичајена температура,GREEN,100.0,2026-09-21T12:00:00+00:00,11,17,11–17 h,6,GEFS | ICON-EU EPS,31,40,EXPERIMENTAL / NOT CALIBRATED,100.0,100.0,0.0,0.0,0.0,0.0,0.0,0.0,0.0,0.0
80390,SRBOBRAN,SRBOBRAN,СРБОБРАН,2026-09-21,3,2026-09-18T00:00:00+00:00,23.6,22.2,22.9,100.0,0.0,0.0,0.0,0.0,below_30,Уобичајена температура,GREEN,100.0,2026-09-21T12:00:00+00:00,11,17,11–17 h,6,GEFS | ICON-EU EPS,31,40,EXPERIMENTAL / NOT CALIBRATED,100.0,100.0,0.0,0.0,0.0,0.0,0.0,0.0,0.0,0.0
80136,ŽABALJ,ŽABALJ,ЖАБАЉ,2026-09-21,3,2026-09-18T00:00:00+00:00,24.3,23.1,23.7,100.0,0.0,0.0,0.0,0.0,below_30,Уобичајена температура,GREEN,100.0,2026-09-21T12:00:00+00:00,11,17,11–17 h,6,GEFS | ICON-EU EPS,31,40,EXPERIMENTAL / NOT CALIBRATED,100.0,100.0,0.0,0.0,0.0,0.0,0.0,0.0,0.0,0.0
80462,VRBAS,VRBAS,ВРБАС,2026-09-21,3,2026-09-18T00:00:00+00:00,23.6,22.2,22.9,100.0,0.0,0.0,0.0,0.0,below_30,Уобичајена температура,GREEN,100.0,2026-09-21T12:00:00+00:00,11,17,11–17 h,6,GEFS | ICON-EU EPS,31,40,EXPERIMENTAL / NOT CALIBRATED,100.0,100.0,0.0,0.0,0.0,0.0,0.0,0.0,0.0,0.0
80411,SREMSKI KARLOVCI,SREMSKI KARLOVCI,СРЕМСКИ КАРЛОВЦИ,2026-09-21,3,2026-09-18T00:00:00+00:00,24.4,22.5,23.4,100.0,0.0,0.0,0.0,0.0,below_30,Уобичајена температура,GREEN,100.0,2026-09-21T12:00:00+00:00,11,17,11–17 h,6,GEFS | ICON-EU EPS,31,40,EXPERIMENTAL / NOT CALIBRATED,100.0,100.0,0.0,0.0,0.0,0.0,0.0,0.0,0.0,0.0
80101,BEOČIN,BEOČIN,БЕОЧИН,2026-09-21,3,2026-09-18T00:00:00+00:00,23.7,20.4,22.0,100.0,0.0,0.0,0.0,0.0,below_30,Уобичајена температура,GREEN,100.0,2026-09-21T12:00:00+00:00,11,17,11–17 h,6,GEFS | ICON-EU EPS,31,40,EXPERIMENTAL / NOT CALIBRATED,100.0,100.0,0.0,0.0,0.0,0.0,0.0,0.0,0.0,0.0
80454,TITEL,TITEL,ТИТЕЛ,2026-09-21,3,2026-09-18T00:00:00+00:00,24.7,22.6,23.6,100.0,0.0,0.0,0.0,0.0,below_30,Уобичајена температура,GREEN,100.0,2026-09-21T12:00:00+00:00,11,17,11–17 h,6,GEFS | ICON-EU EPS,31,40,EXPERIMENTAL / NOT CALIBRATED,100.0,100.0,0.0,0.0,0.0,0.0,0.0,0.0,0.0,0.0
80080,BAČKI PETROVAC,BAČKI PETROVAC,БАЧКИ ПЕТРОВАЦ,2026-09-21,3,2026-09-18T00:00:00+00:00,23.4,22.1,22.8,100.0,0.0,0.0,0.0,0.0,below_30,Уобичајена температура,GREEN,100.0,2026-09-21T12:00:00+00:00,11,17,11–17 h,6,GEFS | ICON-EU EPS,31,40,EXPERIMENTAL / NOT CALIBRATED,100.0,100.0,0.0,0.0,0.0,0.0,0.0,0.0,0.0,0.0
80284,NOVI SAD-GRAD,NOVI SAD-GRAD,НОВИ САД-ГРАД,2026-09-21,3,2026-09-18T00:00:00+00:00,23.7,21.9,22.8,100.0,0.0,0.0,0.0,0.0,below_30,Уобичајена температура,GREEN,100.0,2026-09-21T12:00:00+00:00,11,17,11–17 h,6,GEFS | ICON-EU EPS,31,40,EXPERIMENTAL / NOT CALIBRATED,100.0,100.0,0.0,0.0,0.0,0.0,0.0,0.0,0.0,0.0
80446,TEMERIN,TEMERIN,ТЕМЕРИН,2026-09-21,3,2026-09-18T00:00:00+00:00,23.6,22.7,23.1,100.0,0.0,0.0,0.0,0.0,below_30,Уобичајена температура,GREEN,100.0,2026-09-21T12:00:00+00:00,11,17,11–17 h,6,GEFS | ICON-EU EPS,31,40,EXPERIMENTAL / NOT CALIBRATED,100.0,100.0,0.0,0.0,0.0,0.0,0.0,0.0,0.0,0.0
80110,BEČEJ,BEČEJ,БЕЧЕЈ,2026-09-21,3,2026-09-18T00:00:00+00:00,24.4,22.2,23.3,100.0,0.0,0.0,0.0,0.0,below_30,Уобичајена температура,GREEN,100.0,2026-09-21T12:00:00+00:00,11,17,11–17 h,6,GEFS | ICON-EU EPS,31,40,EXPERIMENTAL / NOT CALIBRATED,100.0,100.0,0.0,0.0,0.0,0.0,0.0,0.0,0.0,0.0
90271,SRBICA,SRBICA,СРБИЦА,2026-09-21,3,2026-09-18T00:00:00+00:00,25.5,22.4,23.9,100.0,0.0,0.0,0.0,0.0,below_30,Уобичајена температура,GREEN,100.0,2026-09-21T12:00:00+00:00,11,17,11–17 h,6,GEFS | ICON-EU EPS,31,40,EXPERIMENTAL / NOT CALIBRATED,100.0,100.0,0.0,0.0,0.0,0.0,0.0,0.0,0.0,0.0
90026,VUČITRN,VUČITRN,ВУЧИТРН,2026-09-21,3,2026-09-18T00:00:00+00:00,25.5,23.2,24.3,100.0,0.0,0.0,0.0,0.0,below_30,Уобичајена температура,GREEN,100.0,2026-09-21T12:00:00+00:00,11,17,11–17 h,6,GEFS | ICON-EU EPS,31,40,EXPERIMENTAL / NOT CALIBRATED,100.0,100.0,0.0,0.0,0.0,0.0,0.0,0.0,0.0,0.0
90093,ZUBIN POTOK,ZUBIN POTOK,ЗУБИН ПОТОК,2026-09-21,3,2026-09-18T00:00:00+00:00,22.7,19.9,21.3,100.0,0.0,0.0,0.0,0.0,below_30,Уобичајена температура,GREEN,100.0,2026-09-21T12:00:00+00:00,11,17,11–17 h,6,GEFS | ICON-EU EPS,31,40,EXPERIMENTAL / NOT CALIBRATED,100.0,100.0,0.0,0.0,0.0,0.0,0.0,0.0,0.0,0.0
90352,ZVEČAN,ZVEČAN,ЗВЕЧАН,2026-09-21,3,2026-09-18T00:00:00+00:00,22.7,20.9,21.8,100.0,0.0,0.0,0.0,0.0,below_30,Уобичајена температура,GREEN,100.0,2026-09-21T12:00:00+00:00,11,17,11–17 h,6,GEFS | ICON-EU EPS,31,40,EXPERIMENTAL / NOT CALIBRATED,100.0,100.0,0.0,0.0,0.0,0.0,0.0,0.0,0.0,0.0
90298,KOSOVSKA MITROVICA,KOSOVSKA MITROVICA,КОСОВСКА МИТРОВИЦА,2026-09-21,3,2026-09-18T00:00:00+00:00,22.6,20.1,21.3,100.0,0.0,0.0,0.0,0.0,below_30,Уобичајена температура,GREEN,100.0,2026-09-21T12:00:00+00:00,11,17,11–17 h,6,GEFS | ICON-EU EPS,31,40,EXPERIMENTAL / NOT CALIBRATED,100.0,100.0,0.0,0.0,0.0,0.0,0.0,0.0,0.0,0.0
90158,LEPOSAVIĆ,LEPOSAVIĆ,ЛЕПОСАВИЋ,2026-09-21,3,2026-09-18T00:00:00+00:00,22.7,19.6,21.1,100.0,0.0,0.0,0.0,0.0,below_30,Уобичајена температура,GREEN,100.0,2026-09-21T12:00:00+00:00,11,17,11–17 h,6,GEFS | ICON-EU EPS,31,40,EXPERIMENTAL / NOT CALIBRATED,100.0,100.0,0.0,0.0,0.0,0.0,0.0,0.0,0.0,0.0
90085,ĐAKOVICA,ĐAKOVICA,ЂАКОВИЦА,2026-09-21,3,2026-09-18T00:00:00+00:00,27.1,26.1,26.6,100.0,0.0,0.0,0.0,0.0,below_30,Уобичајена температура,GREEN,100.0,2026-09-21T12:00:00+00:00,11,17,11–17 h,6,GEFS | ICON-EU EPS,31,40,EXPERIMENTAL / NOT CALIBRATED,100.0,100.0,0.0,0.0,0.0,0.0,0.0,0.0,0.0,0.0
90123,KLINA,KLINA,КЛИНА,2026-09-21,3,2026-09-18T00:00:00+00:00,27.4,25.3,26.3,100.0,0.0,0.0,0.0,0.0,below_30,Уобичајена температура,GREEN,100.0,2026-09-21T12:00:00+00:00,11,17,11–17 h,6,GEFS | ICON-EU EPS,31,40,EXPERIMENTAL / NOT CALIBRATED,100.0,100.0,0.0,0.0,0.0,0.0,0.0,0.0,0.0,0.0
90239,PEĆ,PEĆ,ПЕЋ,2026-09-21,3,2026-09-18T00:00:00+00:00,21.4,21.9,21.7,100.0,0.0,0.0,0.0,0.0,below_30,Уобичајена температура,GREEN,100.0,2026-09-21T12:00:00+00:00,11,17,11–17 h,6,GEFS | ICON-EU EPS,31,40,EXPERIMENTAL / NOT CALIBRATED,100.0,100.0,0.0,0.0,0.0,0.0,0.0,0.0,0.0,0.0
90107,ISTOK,ISTOK,ИСТОК,2026-09-21,3,2026-09-18T00:00:00+00:00,24.0,24.6,24.3,100.0,0.0,0.0,0.0,0.0,below_30,Уобичајена температура,GREEN,100.0,2026-09-21T12:00:00+00:00,11,17,11–17 h,6,GEFS | ICON-EU EPS,31,40,EXPERIMENTAL / NOT CALIBRATED,100.0,100.0,0.0,0.0,0.0,0.0,0.0,0.0,0.0,0.0
90069,DEČANI,DEČANI,ДЕЧАНИ,2026-09-21,3,2026-09-18T00:00:00+00:00,24.4,21.9,23.1,100.0,0.0,0.0,0.0,0.0,below_30,Уобичајена температура,GREEN,100.0,2026-09-21T12:00:00+00:00,11,17,11–17 h,6,GEFS | ICON-EU EPS,31,40,EXPERIMENTAL / NOT CALIBRATED,100.0,100.0,0.0,0.0,0.0,0.0,0.0,0.0,0.0,0.0
90018,VITINA,VITINA,ВИТИНА,2026-09-21,3,2026-09-18T00:00:00+00:00,25.1,23.3,24.2,100.0,0.0,0.0,0.0,0.0,below_30,Уобичајена температура,GREEN,100.0,2026-09-21T12:00:00+00:00,11,17,11–17 h,6,GEFS | ICON-EU EPS,31,40,EXPERIMENTAL / NOT CALIBRATED,100.0,100.0,0.0,0.0,0.0,0.0,0.0,0.0,0.0,0.0
90042,GNJILANE,GNJILANE,ГЊИЛАНЕ,2026-09-21,3,2026-09-18T00:00:00+00:00,25.7,23.2,24.5,100.0,0.0,0.0,0.0,0.0,below_30,Уобичајена температура,GREEN,100.0,2026-09-21T12:00:00+00:00,11,17,11–17 h,6,GEFS | ICON-EU EPS,31,40,EXPERIMENTAL / NOT CALIBRATED,100.0,100.0,0.0,0.0,0.0,0.0,0.0,0.0,0.0,0.0
90140,KOSOVSKA KAMENICA,KOSOVSKA KAMENICA,КОСОВСКА КАМЕНИЦА,2026-09-21,3,2026-09-18T00:00:00+00:00,25.7,21.0,23.4,100.0,0.0,0.0,0.0,0.0,below_30,Уобичајена температура,GREEN,100.0,2026-09-21T12:00:00+00:00,11,17,11–17 h,6,GEFS | ICON-EU EPS,31,40,EXPERIMENTAL / NOT CALIBRATED,100.0,100.0,0.0,0.0,0.0,0.0,0.0,0.0,0.0,0.0
90182,NOVO BRDO,NOVO BRDO,НОВО БРДО,2026-09-21,3,2026-09-18T00:00:00+00:00,25.7,21.5,23.6,100.0,0.0,0.0,0.0,0.0,below_30,Уобичајена температура,GREEN,100.0,2026-09-21T12:00:00+00:00,11,17,11–17 h,6,GEFS | ICON-EU EPS,31,40,EXPERIMENTAL / NOT CALIBRATED,100.0,100.0,0.0,0.0,0.0,0.0,0.0,0.0,0.0,0.0
71072,SJENICA,SJENICA,СЈЕНИЦА,2026-09-21,3,2026-09-18T00:00:00+00:00,19.9,16.6,18.2,100.0,0.0,0.0,0.0,0.0,below_30,Уобичајена температура,GREEN,100.0,2026-09-21T12:00:00+00:00,11,17,11–17 h,6,GEFS | ICON-EU EPS,31,40,EXPERIMENTAL / NOT CALIBRATED,100.0,100.0,0.0,0.0,0.0,0.0,0.0,0.0,0.0,0.0
70980,PRIJEPOLJE,PRIJEPOLJE,ПРИЈЕПОЉЕ,2026-09-21,3,2026-09-18T00:00:00+00:00,20.5,18.5,19.5,100.0,0.0,0.0,0.0,0.0,below_30,Уобичајена температура,GREEN,100.0,2026-09-21T12:00:00+00:00,11,17,11–17 h,6,GEFS | ICON-EU EPS,31,40,EXPERIMENTAL / NOT CALIBRATED,100.0,100.0,0.0,0.0,0.0,0.0,0.0,0.0,0.0,0.0
70866,NOVA VAROŠ,NOVA VAROŠ,НОВА ВАРОШ,2026-09-21,3,2026-09-18T00:00:00+00:00,21.0,16.9,18.9,100.0,0.0,0.0,0.0,0.0,below_30,Уобичајена температура,GREEN,100.0,2026-09-21T12:00:00+00:00,11,17,11–17 h,6,GEFS | ICON-EU EPS,31,40,EXPERIMENTAL / NOT CALIBRATED,100.0,100.0,0.0,0.0,0.0,0.0,0.0,0.0,0.0,0.0
70971,PRIBOJ,PRIBOJ,ПРИБОЈ,2026-09-21,3,2026-09-18T00:00:00+00:00,21.9,19.2,20.6,100.0,0.0,0.0,0.0,0.0,below_30,Уобичајена температура,GREEN,100.0,2026-09-21T12:00:00+00:00,11,17,11–17 h,6,GEFS | ICON-EU EPS,31,40,EXPERIMENTAL / NOT CALIBRATED,100.0,100.0,0.0,0.0,0.0,0.0,0.0,0.0,0.0,0.0
70041,ARILJE,ARILJE,АРИЉЕ,2026-09-21,3,2026-09-18T00:00:00+00:00,22.0,20.0,21.0,100.0,0.0,0.0,0.0,0.0,below_30,Уобичајена температура,GREEN,100.0,2026-09-21T12:00:00+00:00,11,17,11–17 h,6,GEFS | ICON-EU EPS,31,40,EXPERIMENTAL / NOT CALIBRATED,100.0,100.0,0.0,0.0,0.0,0.0,0.0,0.0,0.0,0.0
71234,ČAJETINA,ČAJETINA,ЧАЈЕТИНА,2026-09-21,3,2026-09-18T00:00:00+00:00,21.6,17.0,19.3,100.0,0.0,0.0,0.0,0.0,below_30,Уобичајена температура,GREEN,100.0,2026-09-21T12:00:00+00:00,11,17,11–17 h,6,GEFS | ICON-EU EPS,31,40,EXPERIMENTAL / NOT CALIBRATED,100.0,100.0,0.0,0.0,0.0,0.0,0.0,0.0,0.0,0.0
71145,UŽICE-GRAD,UŽICE-GRAD,УЖИЦЕ-ГРАД,2026-09-21,3,2026-09-18T00:00:00+00:00,21.6,18.7,20.1,100.0,0.0,0.0,0.0,0.0,below_30,Уобичајена температура,GREEN,100.0,2026-09-21T12:00:00+00:00,11,17,11–17 h,6,GEFS | ICON-EU EPS,31,40,EXPERIMENTAL / NOT CALIBRATED,100.0,100.0,0.0,0.0,0.0,0.0,0.0,0.0,0.0,0.0
70955,POŽEGA,POŽEGA,ПОЖЕГА,2026-09-21,3,2026-09-18T00:00:00+00:00,22.6,21.3,21.9,100.0,0.0,0.0,0.0,0.0,below_30,Уобичајена температура,GREEN,100.0,2026-09-21T12:00:00+00:00,11,17,11–17 h,6,GEFS | ICON-EU EPS,31,40,EXPERIMENTAL / NOT CALIBRATED,100.0,100.0,0.0,0.0,0.0,0.0,0.0,0.0,0.0,0.0
70629,KOSJERIĆ,KOSJERIĆ,КОСЈЕРИЋ,2026-09-21,3,2026-09-18T00:00:00+00:00,22.4,18.8,20.6,100.0,0.0,0.0,0.0,0.0,below_30,Уобичајена температура,GREEN,100.0,2026-09-21T12:00:00+00:00,11,17,11–17 h,6,GEFS | ICON-EU EPS,31,40,EXPERIMENTAL / NOT CALIBRATED,100.0,100.0,0.0,0.0,0.0,0.0,0.0,0.0,0.0,0.0
70068,BAJINA BAŠTA,BAJINA BAŠTA,БАЈИНА БАШТА,2026-09-21,3,2026-09-18T00:00:00+00:00,22.0,19.6,20.8,100.0,0.0,0.0,0.0,0.0,below_30,Уобичајена температура,GREEN,100.0,2026-09-21T12:00:00+00:00,11,17,11–17 h,6,GEFS | ICON-EU EPS,31,40,EXPERIMENTAL / NOT CALIBRATED,100.0,100.0,0.0,0.0,0.0,0.0,0.0,0.0,0.0,0.0
90115,KAČANIK,KAČANIK,КАЧАНИК,2026-09-21,3,2026-09-18T00:00:00+00:00,25.1,22.2,23.6,100.0,0.0,0.0,0.0,0.0,below_30,Уобичајена температура,GREEN,100.0,2026-09-21T12:00:00+00:00,11,17,11–17 h,6,GEFS | ICON-EU EPS,31,40,EXPERIMENTAL / NOT CALIBRATED,100.0,100.0,0.0,0.0,0.0,0.0,0.0,0.0,0.0,0.0
90301,UROŠEVAC,UROŠEVAC,УРОШЕВАЦ,2026-09-21,3,2026-09-18T00:00:00+00:00,25.1,22.9,24.0,100.0,0.0,0.0,0.0,0.0,below_30,Уобичајена температура,GREEN,100.0,2026-09-21T12:00:00+00:00,11,17,11–17 h,6,GEFS | ICON-EU EPS,31,40,EXPERIMENTAL / NOT CALIBRATED,100.0,100.0,0.0,0.0,0.0,0.0,0.0,0.0,0.0,0.0
90263,PRIŠTINA-GRAD,PRIŠTINA-GRAD,ПРИШТИНА-ГРАД,2026-09-21,3,2026-09-18T00:00:00+00:00,25.0,21.7,23.3,100.0,0.0,0.0,0.0,0.0,below_30,Уобичајена температура,GREEN,100.0,2026-09-21T12:00:00+00:00,11,17,11–17 h,6,GEFS | ICON-EU EPS,31,40,EXPERIMENTAL / NOT CALIBRATED,100.0,100.0,0.0,0.0,0.0,0.0,0.0,0.0,0.0,0.0
90328,ŠTRPCE,ŠTRPCE,ШТРПЦЕ,2026-09-21,3,2026-09-18T00:00:00+00:00,24.2,19.3,21.8,100.0,0.0,0.0,0.0,0.0,below_30,Уобичајена температура,GREEN,100.0,2026-09-21T12:00:00+00:00,11,17,11–17 h,6,GEFS | ICON-EU EPS,31,40,EXPERIMENTAL / NOT CALIBRATED,100.0,100.0,0.0,0.0,0.0,0.0,0.0,0.0,0.0,0.0
90310,ŠTIMLJE,ŠTIMLJE,ШТИМЉЕ,2026-09-21,3,2026-09-18T00:00:00+00:00,26.2,22.7,24.5,100.0,0.0,0.0,0.0,0.0,below_30,Уобичајена температура,GREEN,100.0,2026-09-21T12:00:00+00:00,11,17,11–17 h,6,GEFS | ICON-EU EPS,31,40,EXPERIMENTAL / NOT CALIBRATED,100.0,100.0,0.0,0.0,0.0,0.0,0.0,0.0,0.0,0.0
90166,LIPLJAN,LIPLJAN,ЛИПЉАН,2026-09-21,3,2026-09-18T00:00:00+00:00,26.0,23.7,24.8,100.0,0.0,0.0,0.0,0.0,below_30,Уобичајена температура,GREEN,100.0,2026-09-21T12:00:00+00:00,11,17,11–17 h,6,GEFS | ICON-EU EPS,31,40,EXPERIMENTAL / NOT CALIBRATED,100.0,100.0,0.0,0.0,0.0,0.0,0.0,0.0,0.0,0.0
90131,KOSOVO POLJE,KOSOVO POLJE,КОСОВО ПОЉЕ,2026-09-21,3,2026-09-18T00:00:00+00:00,26.2,23.7,25.0,100.0,0.0,0.0,0.0,0.0,below_30,Уобичајена температура,GREEN,100.0,2026-09-21T12:00:00+00:00,11,17,11–17 h,6,GEFS | ICON-EU EPS,31,40,EXPERIMENTAL / NOT CALIBRATED,100.0,100.0,0.0,0.0,0.0,0.0,0.0,0.0,0.0,0.0
90034,GLOGOVAC,GLOGOVAC,ГЛОГОВАЦ,2026-09-21,3,2026-09-18T00:00:00+00:00,26.2,23.4,24.8,100.0,0.0,0.0,0.0,0.0,below_30,Уобичајена температура,GREEN,100.0,2026-09-21T12:00:00+00:00,11,17,11–17 h,6,GEFS | ICON-EU EPS,31,40,EXPERIMENTAL / NOT CALIBRATED,100.0,100.0,0.0,0.0,0.0,0.0,0.0,0.0,0.0,0.0
90204,OBILIĆ,OBILIĆ,ОБИЛИЋ,2026-09-21,3,2026-09-18T00:00:00+00:00,25.5,23.2,24.3,100.0,0.0,0.0,0.0,0.0,below_30,Уобичајена температура,GREEN,100.0,2026-09-21T12:00:00+00:00,11,17,11–17 h,6,GEFS | ICON-EU EPS,31,40,EXPERIMENTAL / NOT CALIBRATED,100.0,100.0,0.0,0.0,0.0,0.0,0.0,0.0,0.0,0.0
90247,PODUJEVO,PODUJEVO,ПОДУЈЕВО,2026-09-21,3,2026-09-18T00:00:00+00:00,23.0,21.5,22.2,100.0,0.0,0.0,0.0,0.0,below_30,Уобичајена температура,GREEN,100.0,2026-09-21T12:00:00+00:00,11,17,11–17 h,6,GEFS | ICON-EU EPS,31,40,EXPERIMENTAL / NOT CALIBRATED,100.0,100.0,0.0,0.0,0.0,0.0,0.0,0.0,0.0,0.0
71188,TUTIN,TUTIN,ТУТИН,2026-09-21,3,2026-09-18T00:00:00+00:00,20.6,17.4,19.0,100.0,0.0,0.0,0.0,0.0,below_30,Уобичајена температура,GREEN,100.0,2026-09-21T12:00:00+00:00,11,17,11–17 h,6,GEFS | ICON-EU EPS,31,40,EXPERIMENTAL / NOT CALIBRATED,100.0,100.0,0.0,0.0,0.0,0.0,0.0,0.0,0.0,0.0
70874,NOVI PAZAR-GRAD,NOVI PAZAR-GRAD,НОВИ ПАЗАР-ГРАД,2026-09-21,3,2026-09-18T00:00:00+00:00,20.6,20.0,20.3,100.0,0.0,0.0,0.0,0.0,below_30,Уобичајена температура,GREEN,100.0,2026-09-21T12:00:00+00:00,11,17,11–17 h,6,GEFS | ICON-EU EPS,31,40,EXPERIMENTAL / NOT CALIBRATED,100.0,100.0,0.0,0.0,0.0,0.0,0.0,0.0,0.0,0.0
71021,RAŠKA,RAŠKA,РАШКА,2026-09-21,3,2026-09-18T00:00:00+00:00,21.0,20.7,20.8,100.0,0.0,0.0,0.0,0.0,below_30,Уобичајена температура,GREEN,100.0,2026-09-21T12:00:00+00:00,11,17,11–17 h,6,GEFS | ICON-EU EPS,31,40,EXPERIMENTAL / NOT CALIBRATED,100.0,100.0,0.0,0.0,0.0,0.0,0.0,0.0,0.0,0.0
70459,VRNJAČKA BANJA,VRNJAČKA BANJA,ВРЊАЧКА БАЊА,2026-09-21,3,2026-09-18T00:00:00+00:00,21.7,22.3,22.0,100.0,0.0,0.0,0.0,0.0,below_30,Уобичајена температура,GREEN,100.0,2026-09-21T12:00:00+00:00,11,17,11–17 h,6,GEFS | ICON-EU EPS,31,40,EXPERIMENTAL / NOT CALIBRATED,100.0,100.0,0.0,0.0,0.0,0.0,0.0,0.0,0.0,0.0
70653,KRALJEVO-GRAD,KRALJEVO-GRAD,КРАЉЕВО-ГРАД,2026-09-21,3,2026-09-18T00:00:00+00:00,23.1,21.1,22.1,100.0,0.0,0.0,0.0,0.0,below_30,Уобичајена температура,GREEN,100.0,2026-09-21T12:00:00+00:00,11,17,11–17 h,6,GEFS | ICON-EU EPS,31,40,EXPERIMENTAL / NOT CALIBRATED,100.0,100.0,0.0,0.0,0.0,0.0,0.0,0.0,0.0,0.0
70050,BABUŠNICA,BABUŠNICA,БАБУШНИЦА,2026-09-21,3,2026-09-18T00:00:00+00:00,24.1,21.0,22.5,100.0,0.0,0.0,0.0,0.0,below_30,Уобичајена температура,GREEN,100.0,2026-09-21T12:00:00+00:00,11,17,11–17 h,6,GEFS | ICON-EU EPS,31,40,EXPERIMENTAL / NOT CALIBRATED,100.0,100.0,0.0,0.0,0.0,0.0,0.0,0.0,0.0,0.0
70505,DIMITROVGRAD,DIMITROVGRAD,ДИМИТРОВГРАД,2026-09-21,3,2026-09-18T00:00:00+00:00,24.1,20.1,22.1,100.0,0.0,0.0,0.0,0.0,below_30,Уобичајена температура,GREEN,100.0,2026-09-21T12:00:00+00:00,11,17,11–17 h,6,GEFS | ICON-EU EPS,31,40,EXPERIMENTAL / NOT CALIBRATED,100.0,100.0,0.0,0.0,0.0,0.0,0.0,0.0,0.0,0.0
70084,BELA PALANKA,BELA PALANKA,БЕЛА ПАЛАНКА,2026-09-21,3,2026-09-18T00:00:00+00:00,25.0,22.3,23.6,100.0,0.0,0.0,0.0,0.0,below_30,Уобичајена температура,GREEN,100.0,2026-09-21T12:00:00+00:00,11,17,11–17 h,6,GEFS | ICON-EU EPS,31,40,EXPERIMENTAL / NOT CALIBRATED,100.0,100.0,0.0,0.0,0.0,0.0,0.0,0.0,0.0,0.0
70939,PIROT,PIROT,ПИРОТ,2026-09-21,3,2026-09-18T00:00:00+00:00,24.0,22.5,23.3,100.0,0.0,0.0,0.0,0.0,below_30,Уобичајена температура,GREEN,100.0,2026-09-21T12:00:00+00:00,11,17,11–17 h,6,GEFS | ICON-EU EPS,31,40,EXPERIMENTAL / NOT CALIBRATED,100.0,100.0,0.0,0.0,0.0,0.0,0.0,0.0,0.0,0.0
70467,GADŽIN HAN,GADŽIN HAN,ГАЏИН ХАН,2026-09-21,3,2026-09-18T00:00:00+00:00,25.9,19.6,22.8,100.0,0.0,0.0,0.0,0.0,below_30,Уобичајена температура,GREEN,100.0,2026-09-21T12:00:00+00:00,11,17,11–17 h,6,GEFS | ICON-EU EPS,31,40,EXPERIMENTAL / NOT CALIBRATED,100.0,100.0,0.0,0.0,0.0,0.0,0.0,0.0,0.0,0.0
70513,DOLJEVAC,DOLJEVAC,ДОЉЕВАЦ,2026-09-21,3,2026-09-18T00:00:00+00:00,26.1,23.9,25.0,100.0,0.0,0.0,0.0,0.0,below_30,Уобичајена температура,GREEN,100.0,2026-09-21T12:00:00+00:00,11,17,11–17 h,6,GEFS | ICON-EU EPS,31,40,EXPERIMENTAL / NOT CALIBRATED,100.0,100.0,0.0,0.0,0.0,0.0,0.0,0.0,0.0,0.0
71331,NIŠ-MEDIANA,NIŠ-MEDIANA,НИШ-МЕДИАНА,2026-09-21,3,2026-09-18T00:00:00+00:00,25.9,23.9,24.9,100.0,0.0,0.0,0.0,0.0,below_30,Уобичајена температура,GREEN,100.0,2026-09-21T12:00:00+00:00,11,17,11–17 h,6,GEFS | ICON-EU EPS,31,40,EXPERIMENTAL / NOT CALIBRATED,100.0,100.0,0.0,0.0,0.0,0.0,0.0,0.0,0.0,0.0
71323,NIŠ-PALILULA,NIŠ-PALILULA,НИШ-ПАЛИЛУЛА,2026-09-21,3,2026-09-18T00:00:00+00:00,26.1,23.9,25.0,100.0,0.0,0.0,0.0,0.0,below_30,Уобичајена температура,GREEN,100.0,2026-09-21T12:00:00+00:00,11,17,11–17 h,6,GEFS | ICON-EU EPS,31,40,EXPERIMENTAL / NOT CALIBRATED,100.0,100.0,0.0,0.0,0.0,0.0,0.0,0.0,0.0,0.0
71285,NIŠ-NIŠKA BANJA,NIŠ-NIŠKA BANJA,НИШ-НИШКА БАЊА,2026-09-21,3,2026-09-18T00:00:00+00:00,25.9,21.5,23.7,100.0,0.0,0.0,0.0,0.0,below_30,Уобичајена температура,GREEN,100.0,2026-09-21T12:00:00+00:00,11,17,11–17 h,6,GEFS | ICON-EU EPS,31,40,EXPERIMENTAL / NOT CALIBRATED,100.0,100.0,0.0,0.0,0.0,0.0,0.0,0.0,0.0,0.0
70823,MEROŠINA,MEROŠINA,МЕРОШИНА,2026-09-21,3,2026-09-18T00:00:00+00:00,26.1,22.6,24.3,100.0,0.0,0.0,0.0,0.0,below_30,Уобичајена температура,GREEN,100.0,2026-09-21T12:00:00+00:00,11,17,11–17 h,6,GEFS | ICON-EU EPS,31,40,EXPERIMENTAL / NOT CALIBRATED,100.0,100.0,0.0,0.0,0.0,0.0,0.0,0.0,0.0,0.0
71307,NIŠ-PANTELEJ,NIŠ-PANTELEJ,НИШ-ПАНТЕЛЕЈ,2026-09-21,3,2026-09-18T00:00:00+00:00,25.9,22.1,24.0,100.0,0.0,0.0,0.0,0.0,below_30,Уобичајена температура,GREEN,100.0,2026-09-21T12:00:00+00:00,11,17,11–17 h,6,GEFS | ICON-EU EPS,31,40,EXPERIMENTAL / NOT CALIBRATED,100.0,100.0,0.0,0.0,0.0,0.0,0.0,0.0,0.0,0.0
71315,NIŠ-CRVENI KRST,NIŠ-CRVENI KRST,НИШ-ЦРВЕНИ КРСТ,2026-09-21,3,2026-09-18T00:00:00+00:00,25.4,22.1,23.8,100.0,0.0,0.0,0.0,0.0,below_30,Уобичајена температура,GREEN,100.0,2026-09-21T12:00:00+00:00,11,17,11–17 h,6,GEFS | ICON-EU EPS,31,40,EXPERIMENTAL / NOT CALIBRATED,100.0,100.0,0.0,0.0,0.0,0.0,0.0,0.0,0.0,0.0
71064,SVRLJIG,SVRLJIG,СВРЉИГ,2026-09-21,3,2026-09-18T00:00:00+00:00,24.4,22.2,23.3,100.0,0.0,0.0,0.0,0.0,below_30,Уобичајена температура,GREEN,100.0,2026-09-21T12:00:00+00:00,11,17,11–17 h,6,GEFS | ICON-EU EPS,31,40,EXPERIMENTAL / NOT CALIBRATED,100.0,100.0,0.0,0.0,0.0,0.0,0.0,0.0,0.0,0.0
70025,ALEKSINAC,ALEKSINAC,АЛЕКСИНАЦ,2026-09-21,3,2026-09-18T00:00:00+00:00,25.4,23.9,24.6,100.0,0.0,0.0,0.0,0.0,below_30,Уобичајена температура,GREEN,100.0,2026-09-21T12:00:00+00:00,11,17,11–17 h,6,GEFS | ICON-EU EPS,31,40,EXPERIMENTAL / NOT CALIBRATED,100.0,100.0,0.0,0.0,0.0,0.0,0.0,0.0,0.0,0.0
71005,RAŽANJ,RAŽANJ,РАЖАЊ,2026-09-21,3,2026-09-18T00:00:00+00:00,25.0,23.0,24.0,100.0,0.0,0.0,0.0,0.0,below_30,Уобичајена температура,GREEN,100.0,2026-09-21T12:00:00+00:00,11,17,11–17 h,6,GEFS | ICON-EU EPS,31,40,EXPERIMENTAL / NOT CALIBRATED,100.0,100.0,0.0,0.0,0.0,0.0,0.0,0.0,0.0,0.0
70564,IVANJICA,IVANJICA,ИВАЊИЦА,2026-09-21,3,2026-09-18T00:00:00+00:00,20.5,16.7,18.6,100.0,0.0,0.0,0.0,0.0,below_30,Уобичајена температура,GREEN,100.0,2026-09-21T12:00:00+00:00,11,17,11–17 h,6,GEFS | ICON-EU EPS,31,40,EXPERIMENTAL / NOT CALIBRATED,100.0,100.0,0.0,0.0,0.0,0.0,0.0,0.0,0.0,0.0
70742,LUČANI,LUČANI,ЛУЧАНИ,2026-09-21,3,2026-09-18T00:00:00+00:00,22.6,19.9,21.3,100.0,0.0,0.0,0.0,0.0,below_30,Уобичајена температура,GREEN,100.0,2026-09-21T12:00:00+00:00,11,17,11–17 h,6,GEFS | ICON-EU EPS,31,40,EXPERIMENTAL / NOT CALIBRATED,100.0,100.0,0.0,0.0,0.0,0.0,0.0,0.0,0.0,0.0
71242,ČAČAK-GRAD,ČAČAK-GRAD,ЧАЧАК-ГРАД,2026-09-21,3,2026-09-18T00:00:00+00:00,23.6,22.0,22.8,100.0,0.0,0.0,0.0,0.0,below_30,Уобичајена температура,GREEN,100.0,2026-09-21T12:00:00+00:00,11,17,11–17 h,6,GEFS | ICON-EU EPS,31,40,EXPERIMENTAL / NOT CALIBRATED,100.0,100.0,0.0,0.0,0.0,0.0,0.0,0.0,0.0,0.0
70483,GORNJI MILANOVAC,GORNJI MILANOVAC,ГОРЊИ МИЛАНОВАЦ,2026-09-21,3,2026-09-18T00:00:00+00:00,23.0,20.2,21.6,100.0,0.0,0.0,0.0,0.0,below_30,Уобичајена температура,GREEN,100.0,2026-09-21T12:00:00+00:00,11,17,11–17 h,6,GEFS | ICON-EU EPS,31,40,EXPERIMENTAL / NOT CALIBRATED,100.0,100.0,0.0,0.0,0.0,0.0,0.0,0.0,0.0,0.0
70599,KNIĆ,KNIĆ,КНИЋ,2026-09-21,3,2026-09-18T00:00:00+00:00,23.9,21.4,22.6,100.0,0.0,0.0,0.0,0.0,below_30,Уобичајена температура,GREEN,100.0,2026-09-21T12:00:00+00:00,11,17,11–17 h,6,GEFS | ICON-EU EPS,31,40,EXPERIMENTAL / NOT CALIBRATED,100.0,100.0,0.0,0.0,0.0,0.0,0.0,0.0,0.0,0.0
70645,KRAGUJEVAC-GRAD,KRAGUJEVAC-GRAD,КРАГУЈЕВАЦ-ГРАД,2026-09-21,3,2026-09-18T00:00:00+00:00,23.9,22.3,23.1,100.0,0.0,0.0,0.0,0.0,below_30,Уобичајена температура,GREEN,100.0,2026-09-21T12:00:00+00:00,11,17,11–17 h,6,GEFS | ICON-EU EPS,31,40,EXPERIMENTAL / NOT CALIBRATED,100.0,100.0,0.0,0.0,0.0,0.0,0.0,0.0,0.0,0.0
70076,BATOČINA,BATOČINA,БАТОЧИНА,2026-09-21,3,2026-09-18T00:00:00+00:00,25.4,23.1,24.3,100.0,0.0,0.0,0.0,0.0,below_30,Уобичајена температура,GREEN,100.0,2026-09-21T12:00:00+00:00,11,17,11–17 h,6,GEFS | ICON-EU EPS,31,40,EXPERIMENTAL / NOT CALIBRATED,100.0,100.0,0.0,0.0,0.0,0.0,0.0,0.0,0.0,0.0
71277,LAPOVO,LAPOVO,ЛАПОВО,2026-09-21,3,2026-09-18T00:00:00+00:00,25.4,23.5,24.5,100.0,0.0,0.0,0.0,0.0,below_30,Уобичајена температура,GREEN,100.0,2026-09-21T12:00:00+00:00,11,17,11–17 h,6,GEFS | ICON-EU EPS,31,40,EXPERIMENTAL / NOT CALIBRATED,100.0,100.0,0.0,0.0,0.0,0.0,0.0,0.0,0.0,0.0
71013,RAČA,RAČA,РАЧА,2026-09-21,3,2026-09-18T00:00:00+00:00,25.4,23.5,24.5,100.0,0.0,0.0,0.0,0.0,below_30,Уобичајена температура,GREEN,100.0,2026-09-21T12:00:00+00:00,11,17,11–17 h,6,GEFS | ICON-EU EPS,31,40,EXPERIMENTAL / NOT CALIBRATED,100.0,100.0,0.0,0.0,0.0,0.0,0.0,0.0,0.0,0.0
71153,TOPOLA,TOPOLA,ТОПОЛА,2026-09-21,3,2026-09-18T00:00:00+00:00,24.6,22.8,23.7,100.0,0.0,0.0,0.0,0.0,below_30,Уобичајена температура,GREEN,100.0,2026-09-21T12:00:00+00:00,11,17,11–17 h,6,GEFS | ICON-EU EPS,31,40,EXPERIMENTAL / NOT CALIBRATED,100.0,100.0,0.0,0.0,0.0,0.0,0.0,0.0,0.0,0.0
70033,ARANĐELOVAC,ARANĐELOVAC,АРАНЂЕЛОВАЦ,2026-09-21,3,2026-09-18T00:00:00+00:00,23.9,21.3,22.6,100.0,0.0,0.0,0.0,0.0,below_30,Уобичајена температура,GREEN,100.0,2026-09-21T12:00:00+00:00,11,17,11–17 h,6,GEFS | ICON-EU EPS,31,40,EXPERIMENTAL / NOT CALIBRATED,100.0,100.0,0.0,0.0,0.0,0.0,0.0,0.0,0.0,0.0
70548,ŽITORAĐA,ŽITORAĐA,ЖИТОРАЂА,2026-09-21,3,2026-09-18T00:00:00+00:00,26.1,23.8,24.9,100.0,0.0,0.0,0.0,0.0,below_30,Уобичајена температура,GREEN,100.0,2026-09-21T12:00:00+00:00,11,17,11–17 h,6,GEFS | ICON-EU EPS,31,40,EXPERIMENTAL / NOT CALIBRATED,100.0,100.0,0.0,0.0,0.0,0.0,0.0,0.0,0.0,0.0
70688,KURŠUMLIJA,KURŠUMLIJA,КУРШУМЛИЈА,2026-09-21,3,2026-09-18T00:00:00+00:00,23.0,21.1,22.0,100.0,0.0,0.0,0.0,0.0,below_30,Уобичајена температура,GREEN,100.0,2026-09-21T12:00:00+00:00,11,17,11–17 h,6,GEFS | ICON-EU EPS,31,40,EXPERIMENTAL / NOT CALIBRATED,100.0,100.0,0.0,0.0,0.0,0.0,0.0,0.0,0.0,0.0
70998,PROKUPLJE,PROKUPLJE,ПРОКУПЉЕ,2026-09-21,3,2026-09-18T00:00:00+00:00,25.4,22.8,24.1,100.0,0.0,0.0,0.0,0.0,below_30,Уобичајена температура,GREEN,100.0,2026-09-21T12:00:00+00:00,11,17,11–17 h,6,GEFS | ICON-EU EPS,31,40,EXPERIMENTAL / NOT CALIBRATED,100.0,100.0,0.0,0.0,0.0,0.0,0.0,0.0,0.0,0.0
70262,BLACE,BLACE,БЛАЦЕ,2026-09-21,3,2026-09-18T00:00:00+00:00,23.6,21.5,22.5,100.0,0.0,0.0,0.0,0.0,below_30,Уобичајена температура,GREEN,100.0,2026-09-21T12:00:00+00:00,11,17,11–17 h,6,GEFS | ICON-EU EPS,31,40,EXPERIMENTAL / NOT CALIBRATED,100.0,100.0,0.0,0.0,0.0,0.0,0.0,0.0,0.0,0.0
